DOCID,SENID,DOCDATE,COUNTRYNAME,COUNTRYACR,COUNTRYCODE,REGION,REGION CODE,IDARTICLE,LEGAL TEXT_EN,COMMENT,AUTHORITY,COVERAGE,LEGALFORM,VERIFLEGAL,TARGETEDGROUPS,CONSTRAINTS,ANNOUNCE,TOTALNBFINES,TOTALNBJAIL,TOTALNBRARRTESTS,TYPEVENT1,SUBTYPEVENT101,SUBTYPEVENT102,SUBTYPEVENT103,SUBTYPEVENT104,SUBTYPEVENT105,SUBTYPEVENT106,SUBTYPEVENT107,SUBTYPEVENT108,SUBTYPEVENT109,SUBTYPEVENT110,SUBTYPEVENT111,COMMENT1,TYPEVENT2,SUBTYPEVENT201,SUBTYPEVENT202,SUBTYPEVENT203,SUBTYPEVENT204,SUBTYPEVENT205,SUBTYPEVENT206,SUBTYPEVENT207,COMMENT2,TYPEVENT3,SUBTYPEVENT301,SUBTYPEVENT302,SUBTYPEVENT303,SUBTYPEVENT304,SUBTYPEVENT305,SUBTYPEVENT306,SUBTYPEVENT307,SUBTYPEVENT308,SUBTYPEVENT309,SUBTYPEVENT310,SUBTYPEVENT311,COMMENT3,TYPEVENT4,SUBTYPEVENT401,SUBTYPEVENT421,SUBTYPEVENT402,SUBTYPEVENT403,SUBTYPEVENT404,SUBTYPEVENT405,SUBTYPEVENT406,SUBTYPEVENT407,SUBTYPEVENT427,SUBTYPEVENT408,SUBTYPEVENT409,SUBTYPEVENT410,SUBTYPEVENT411,SUBTYPEVENT412,SUBTYPEVENT413,SUBTYPEVENT414,SUBTYPEVENT415,COMMENT4,TYPEVENT9,SUBTYPEVENT901,SUBTYPEVENT902,SUBTYPEVENT903,SUBTYPEVENT904,SUBTYPEVENT905,COMMENT9,TYPEVENT5,SUBTYPEVENT501,SUBTYPEVENT502,SUBTYPEVENT503,SUBTYPEVENT504,SUBTYPEVENT505,SUBTYPEVENT506,SUBTYPEVENT507,SUBTYPEVENT508,COMMENT5,TYPEVENT6,SUBTYPEVENT601,SUBTYPEVENT602,SUBTYPEVENT603,SUBTYPEVENT604,SUBTYPEVENT605,SUBTYPEVENT606,SUBTYPEVENT607,SUBTYPEVENT608,SUBTYPEVENT609,SUBTYPEVENT610,SUBTYPEVENT611,SUBTYPEVENT612,SUBTYPEVENT613,SUBTYPEVENT614,COMMENT6,TYPEVENT7,SUBTYPEVENT701,SUBTYPEVENT702,SUBTYPEVENT703,SUBTYPEVENT704,SUBTYPEVENT705,SUBTYPEVENT706,SUBTYPEVENT707,SUBTYPEVENT708,SUBTYPEVENT709,SUBTYPEVENT710,SUBTYPEVENT711,COMMENT7,TYPEVENT8,SUBTYPEVENT801,SUBTYPEVENT802,SUBTYPEVENT803,SUBTYPEVENT804,SUBTYPEVENT805,SUBTYPEVENT806,COMMENT8,LEGAL_TEXT_OR
NL10044,NLD100001,13-Mar-20,Netherlands,NLD,,,,Aanwijzing evenementen afgelasten,"I order you to suspend all events with more than 100 people in your area from March 13 to March 31, 2020.",Instruction of the government to the security regions,3,1,9,0,Events with over 100 persons.,,999,,,,0,,,,,,,,,,,,,0,,,,,,,,,0,,,,,,,,,,,,,0,0,,100,,,,,,,,0,,,,,,,,0,,,,,,,0,,,,,,,,,,0,0,0,0,0,0,0,0,0,0,0,,,,0,,0,,,,,,0,,,,0,0,,0,0,0,,,,,,Ik geef u opdracht om alle evenementen met meer dan 100 personen in uw regio in de periode van 13 maart tot en met 31 maart 2020 af te gelasten.
NL10044,NLD100002,13-Mar-20,Netherlands,NLD,0,,,Regeling tijdelijk verbod burgerluchtverkeer luchtruim Nederland in verband met het virus dat de ziekte COVID-19 veroorzaakt,"The Minister of Infrastructure and Water Management, acting in accordance with the Minister for Medical Care and Sport,","See also: Kamerbrief 13 march 2020,
https://www.rijksoverheid.nl/binaries/rijksoverheid/documenten/kamerstukken/2020/03/13/beperking-vliegverkeer-vanuit-risicolanden-ter-voorkoming-van-verspreiding-coronavirus-covid-19/beperking-vliegverkeer-vanuit-risicolanden-ter-voorkoming-van-verspreiding-coronavirus-covid-19.pdf",3,1,11,0,"Passengers from China, South Korea, Italy, Iran.",,0,,,,0,,,,,,,,,,,,,0,,,,,,,,,0,,,,,,,,,,,,,0,,,,,,,,,,,,,,,,,,,0,,,,,,,0,,,,,,,,,,0,0,0,0,0,0,0,0,0,0,0,,,,0,,0,,,,,,0,,,,0,0,,0,0,0,,,,,,"De Minister van Infrastructuur en Waterstaat,Handelende in overeenstemming met de Minister voor Medische Zorg en Sport,"
NL10046,NLD100004,15-Mar-20,Netherlands,NLD,0,,,Aanvullende aanwijzing COVID-19,"In addition to the earlier instruction, I instruct you to also ensure that all food and beverage outlets, sports and fitness clubs, saunas, seks establishments and coffee shops will be closed from March 15, 2020, 6:00 PM.",,3,1,12,0,,Three months detention or 2nd category fine,21,,,,0,,,,,,,,,,,,,0,,,,,,,,,0,,,,,,,,,,,,,1,1,"All food and beverage outlets, sports and fitness clubs, saunas, sex establishments and coffee shops, with the exception of hotels, home-delivered meals and catering.",100,,,,,,,,,,,,,,,,0,,,,,,,0,,,,,,,,,,0,0,0,0,0,0,0,0,0,0,0,,,,0,,0,,,,,,0,,,,0,0,,0,0,0,,,,,,"Ik geef u opdracht om, aanvullend op de eerdere opdracht, vanaf 15 maart 2020, 18:00u ook te zorgen voor sluiting van alle eet- en drinkgelegenheden, sport- en fitnessclubs, sauna's, seksinrichtingen en coffeeshops."
NL10046,NLD100005,15-Mar-20,Netherlands,NLD,0,,,Aanvullende aanwijzing COVID-19,"Furthermore, I order you to extend the ban on the organization of events and meetings with more than 100 people in your region until April 6, 2020.",,3,1,12,0,Events with over 100 persons.,hree months detention or 2nd category fine,21,,,,0,,,,,,,,,,,,,0,,,,,,,,,0,,,,,,,,,,,,,1,,,1,,,,,,,,,,,,,,,,0,,,,,,,0,,,,,,,,,,0,0,0,0,0,0,0,0,0,0,0,,,,0,,0,,,,,,0,,,,0,0,,0,0,0,,,,,,Verder geef ik u de opdracht het verbod op de organisatie van alle evenementen en bijeenkomsten met meer dan 100 personen in uw regio te verlengen tot en met 6 april 2020.
NL10046,NLD100006,16-Mar-20,Netherlands,NLD,0,,,Tweede aanvulling op aanwijzing COVID-19,"Having heard the advice of the Outbreak Management Team and the Administrative Coordination Consultation of 12 March 2020, the Ministerial Committee
Crisis management decided on March 15, 2020 that from March 16, 2020 to April 6, 2020, no educational activities and no care may be provided in educational institutions and accommodation for childcare and childminders, with some exceptions described below.",,3,1,12,0,,Three months detention or 2nd category fine,21,,,,0,,,,,,,,,,,,,0,,,,,,,,,0,,,,,,,,,,,,,0,,,,100,100,100,100,,,,,,,,,,,,0,,,,,,,0,,,,,,,,,,0,0,0,0,0,0,0,0,0,0,0,,,,0,,0,,,,,,0,,,,0,0,,0,0,0,,,,,,"Gehoord hebbende het advies van het Outbreak Management Team en het Bestuurlijk Afstemmingsoverleg van 12 maart 2020 heeft de Ministeriële Commissie 
Crisisbeheersing op 15 maart 2020 besloten dat er vanaf 16 maart 2020 tot en  met 6 april 2020 geen onderwijsactiviteiten en geen opvang geboden mogen worden in onderwijsinstellingenl en verblijven voor kinderopvang en gastouderopvang met enkele uitzonderingen die hierna worden beschreven."
NL10051,NLD100008,20-Mar-20,Netherlands,NLD,0,,,Aanwijzing verpleeghuizen en kleinschalige woonruimtes,"Having heard the advice of the Outbreak Management Team and the Administrative Coordination Consultation of March 18, 2020 and an advice from Verenso (Association of specialists in geriatric medicine), the Ministerial Crisis Management Committee of March 19, 2020, in the presence of a representative
of the chairpersons of the safety regions, decided that from 20 March 2020 to 6 April 2020, all nursing homes and small-scale housing in elderly care will be preventively closed for visits and for all others that are not necessary for basic care.",,3,1,12,0,,,18,,,,0,,,,,,,,,,,,,0,,,,,,,,,0,,,,,,,,100,,,,,0,,,,,,,,,,,,,,,,,,,0,,,,,,,0,,,,,,,,,,0,0,0,0,0,0,0,0,0,0,0,,,,0,,0,,,,,,0,,,,0,0,,0,0,0,,,,,,"Gehoord hebbende het advies van het Outbreak Management Team en het Bestuurlijk Afstemmingsoverleg van 18 maart 2020 en een advies van Verenso (Vereniging van specialisten ouderengeneeskunde) heeft de Ministeriële Commissie Crisisbeheersing van 19 maart 2020, in aanwezigheid van een vertegenwoordiger
van de voorzitters veiligheidsregio's, besloten dat vanaf 20 maart 2020 tot en met 6 april 2020 alle verpleeghuizen en kleinschalige woonvormen in de ouderenzorg preventief worden gesloten voor bezoek en voor alle anderen die niet noodzakelijk zijn voor de basiszorg."
NL10054,NLD100009,24-Mar-20,Netherlands,NLD,0,,,Aanvulling aanwijzing COVID-19,"Having heard the advice of the Outbreak Management Team and the Administrative Coordination Consultation of March 23, 2020 and after consultation in the Ministerial Crisis Management Committee of March 23, 2020, I give you on the basis of Article 7 of the Public Health Act, in addition to the earlier instructions in front of
fight the COVID-19 outbreak, command below.","All public events, even below 100, are now banned. Exceptions are made for meetings and gatherings that are crucial for the functioning of an organization (i.e. municipal councils).",3,1,11,0,,Three months detention or 2nd category fine,14,,,,0,,,,,,,,,,,,,0,,,,,,,,,0,,,,,,,,,,,,,0,,,,,,,,,,,,,,,,,,,0,,,,,,,0,,,,,,,,,,0,0,0,0,0,0,0,0,0,0,0,,,,0,,0,,,,,,0,,,,0,0,,0,0,0,,,,,,"Gehoord hebbende het advies van het Outbreak Management Team en het Bestuurlijk Afstemmingsoverleg van 23 maart 2020 en na overleg in de Ministeriële Commissie Crisisbeheersing van 23 maart 2020, geef ik u op basis van artikel 7 van de Wet publieke gezondheid, in aanvulling op de eerdere aanwijzingen voor 
bestrijding van de uitbraak van COVID-19, onderstaande opdracht. 

U dient uw bevoegdheden op het terrein van openbare orde en veiligheid als be_x0002_doeld in artikel 39 van de Wet veiligheidsregio's, waaronder, indien nodig, het op_x0002_nemen van voorschriften in een noodverordening als bedoeld in artikel 176 van de  Gemeentewet, in te zetten opdat zo spoedig mogelijk na deze aanwijzing de vol_x0002_gende maatregelen worden getroffen: 

1. Verbod voor alle vergunningsplichtige en meldplichtige evenementen tot 1 juni  2020. 

2. Verbod voor alle overige samenkomsten, waarbij uitzonderingen gelden voor de volgende samenkomsten, mits betrokkenen te allen tijde 1,5 meter afstand hou_x0002_den tot de dichtstbijzijnde persoon: 

- wettelijk verplichte samenkomsten, zoals vergaderingen van gemeenteraden, mits daarbij niet meer dan 100 personen aanwezig zijn, alsook vergaderingen van de Staten-Generaal; 

- samenkomsten die nodig zijn voor de continuering van de dagelijkse werkzaam_x0002_heden van instellingen, bedrijven en andere organisaties, mits daarbij niet meer dan 100 personen aanwezig zijn 

- uitvaarten en huwelijksvoltrekkingen mits daarbij niet meer dan 30 personen aanwezig zijn; 

- samenkomsten van religieuze of levensbeschouwelijke aard, mits daarbij niet meer dan 30 personen aanwezig zijn. 

3. Sluiten van casino's, speelhallen en daarmee vergelijkbare instellingen, alsook  sluiten van zaken waarbinnen op de uiterlijke verzorging gerichte contactberoepen worden uitgeoefend, zoals kapperszaken en nagelsalons. 

4. Verbod op het uitoefenen van alle vormen van contactberoepen, waaronder masseurs, kappers, nagelstylisten, escortservices en rij-instructeurs, voor zover 
deze beroepen niet naar behoren met inachtneming van 1,5 meter afstand tot de klant kunnen worden uitgeoefend. Uitgezonderd is de uitoefening van (para)medi_x0002_sche beroepen, mits voor deze uitoefening een individuele medische indicatie be_x0002_staat en daarbij door de beoefenaar alle in verband met COVID-19 benodigde hy_x0002_giënevereisten in acht worden genomen. 

5. Sluiten van winkels en markten, of beëindigen van openbaar vervoer, indien deze voorzieningen zich niet of niet in voldoende mate houden aan de verwezenlij_x0002_king van de beperkende maatregelen met betrekking tot het houden van 1,5 me_x0002_ter afstand tussen alle in de voorziening aanwezige personen, of aan het op ade_x0002_quate wijze zichtbaar duidelijk maken daarvan. 

6. Sluiten van alle vormen van locaties, waaronder vakantieparken, campings, parken, natuurgebieden en stranden, indien op deze locaties niet of niet in vol_x0002_doende mate de beperkende maatregel met betrekking tot het houden van 1,5 meter afstand tussen daar aanwezige personen in acht wordt genomen of het niet in acht nemen daarvan dreigt. 

7. Instellen van een verbod op al dan niet toevallige groepsvorming in (bepaalde delen van) de publieke ruimte. Onder groepsvorming wordt hierbij verstaan: drie of meer personen die daarbij niet of niet in voldoende mate een onderlinge af_x0002_stand van 1,5 meter in acht nemen. Van groepsvorming is geen sprake indien het personen betreft die een gezamenlijk huishouden vormen. Daarnaast is van 
groepsvorming geen sprake als het kinderen tot en met 12 jaar betreft die samen_x0002_spelen onder toezicht van een of meer ouders of voogden die daarbij onderling een afstand van 1,5 meter in acht nemen. 

De onder 2 en 3 bedoelde verboden dient u op te nemen in een noodverordening. 

Voor de onder 4 tot en met 7 genoemde maatregelen kunt u een voorziening in de noodverordening te treffen, opdat optreden krachtens die verordening mogelijk is indien dat noodzakelijk is. 

De onder 2 tot en met 7 bedoelde maatregelen zullen uiterlij"
NL10062,NLD100012,31-Mar-20,Netherlands,NLD,0,,,Tweede aanvulling op aanwijzing COVID-19,"The instruction I have previously given will be extended from April 7 until April 28, 2020.",,3,1,10,0,,Three months detention or 2nd category fine,20,,,,0,,,,,,,,,,,,,0,,,,,,,,,0,,,,,,,,1,,,,,0,1,,,1,1,1,1,,,,,,,,,,,,0,,,,,,,0,,,,,,,,,,0,0,0,0,0,0,0,0,0,0,0,,,,0,,0,,,,,,0,,,,0,0,,0,0,0,,,,,,De door mij eerder verstrekte opdrachten worden met ingang van 7 april verlengd tot en met 28 april 2020.
NL10086,NLD100014,24-Apr-20,Netherlands,NLD,0,,,Verlenging maatregelen COVID-19,In this assignment I have processed and adapted the previous instructions that I have provided to all chairpersons of the security region.,Instruction of the government to the security regions,3,1,12,0,,Three months detention or 2nd category fine,25,,,,0,,,,,,,,,,,,,0,,,,,,,,,0,,,,,,,,,,,,,0,,,,,,,,,,,,,,,,,,,0,,,,,,,0,,,,,,,,,,0,0,0,0,0,0,0,0,0,0,0,,,,0,,0,,,,,,0,,,,0,0,,0,0,0,,,,,,"In deze opdracht heb ik de eerdere aanwijzingen die ik aan alle voorzitters van de veiligheidsregio heb verstrekt, verwerkt en aangepast."
NL10103,NLD100015,11-May-20,Netherlands,NLD,0,,,aanwijzing d.d. 8 mei 2020,Outdoor sports and exercise,"Instruction from the government to the security regions:

Primary education and child care is partly opened (50% digital, 50% physicial). Ban on jobs with close contact is revoked (aslong as the necessary conditions are met). Sporting is reallowed (as long as on 1,5m distance). Libraries are reopened.",3,1,12,0,,,0,,,,0,,,,,,,,,,,,,0,,,,,,,,,0,,,,,,,,,,,,,0,,,,,,,,,,,,,,,,,,,0,,,,,,,0,,,,,,,,,,0,0,0,0,0,0,0,0,0,0,0,,,,0,,0,,,,,,0,,,,0,0,,0,0,0,,,,,,Buiten sporten en bewegen
NL10124,NLD100016,01-Jun-20,Netherlands,NLD,0,,,aannwijzing maatregelen COVID 19 vanaf 1 juni,"On April 24 and May 8, I instructed you to use your powers in the field of public health and public order and safety to
take various measures necessary to combat COVID 19.",,3,1,12,0,,,0,,,,0,,,,,,,,,,,,,0,,,,,,,,,0,,,,,,,,,,,,,0,,,,,,,,,,,,,,,,,,,0,,,,,,,0,,,,,,,,,,0,0,0,0,0,0,0,0,0,0,0,,,,0,,0,,,,,,0,,,,0,0,,0,0,0,,,,,,"Op 24 april en 8 mei heb ik u opdracht gegeven om uw bevoegdheden op het terrein van publieke gezondheid en openbare orde en veiligheid in te zetten om 
verschillende maatregelen te nemen die nodig zijn voor de bestrijding van COVID_x0002_19."
NL10124,NLD100017,01-Jun-20,Netherlands,NLD,0,,,aannwijzing maatregelen COVID 19 vanaf 1 juni,Public transport,,,,,0,,,0,,,,0,,,,,,,,,,,,,0,,,,,,,,,0,,,,,,,,,,,,,0,,,,,,,,,,,,,,,,,,,0,,,,,,,0,,,,,,,,,,0,0,0,0,0,0,0,0,0,0,0,,,,0,,0,,,,,,0,,,,0,0,,0,0,0,,,,,,Openbaar vervoer
NL10125,NLD100018,02-Jun-20,Netherlands,NLD,0,,,aannwijzing maatregelen COVID 19 vanaf 1 juni,Secondary education,,3,1,12,0,,,0,,,,0,,,,,,,,,,,,,0,,,,,,,,,0,,,,,,,,,,,,,0,,,,,,-1,,,,,,,,,,,,,0,,,,,,,0,,,,,,,,,,0,0,0,0,0,0,0,0,0,0,0,,,,0,,0,,,,,,0,,,,0,0,,0,0,0,,,,,,Voortgezet onderwijs
NL10131,NLD100019,08-Jun-20,Netherlands,NLD,0,,,aannwijzing maatregelen COVID 19 vanaf 1 juni,Primary education,,3,1,12,0,,,0,,,,0,,,,,,,,,,,,,0,,,,,,,,,0,,,,,,,,,,,,,0,,,,,,,,,,,,,,,,,,,0,,,,,,,0,,,,,,,,,,0,0,0,0,0,0,0,0,0,0,0,,,,0,,0,,,,,,0,,,,0,0,,0,0,0,,,,,,Basisonderwijs
NL10138,NLD100020,15-Jun-20,Netherlands,NLD,0,,,aanwijzing maatregelen COVID 19 vanaf 1 juni,Assessment and practice (targeted) education secondary vocational education and higher education,,3,1,12,0,,,0,,,,0,,,,,,,,,,,,,0,,,,,,,,,0,,,,,,,,,,,,,0,,,,,,,,,,,,,,,,,,,0,,,,,,,0,,,,,,,,,,0,0,0,0,0,0,0,0,0,0,0,,,,0,,0,,,,,,0,,,,0,0,,0,0,0,,,,,,Toetsing en praktijk(gericht) onderwijs middelbaar beroepsonderwijs en hoger onderwijs
NL10044,NLD100022,13-Mar-20,Netherlands,NLD,0,,,Aanwijzing evenementen afgelasten,"This also applies to public locations, such as museums, concert halls, theaters and sports clubs and sports competitions.",,,,,0,,,0,,,,0,,,,,,,,,,,,,0,,,,,,,,,0,,,,,,,,,,,,,0,100,,,,,,,,,,,,,,,,,,0,,,,,,,0,,,,,,,,,,0,0,0,0,0,0,0,0,0,0,0,,,,0,,0,,,,,,0,,,,0,0,,0,0,0,,,,,,"Dat geldt  ook voor publieke locaties, zoals musea, concertzalen, theaters en sportclubs en  sportwedstrijden."
NL10044,NLD100024,13-Mar-20,,NLD,0,,,Regeling tijdelijk verbod burgerluchtverkeer luchtruim Nederland in verband met het virus dat de ziekte COVID-19 veroorzaakt,"In view of Article 21 of Regulation (EC) No. 1008/2008 of the European Parliament and the Council of 24 September 2008 on common rules for the operation of air services in the Community (PbEU 2008, L 293) and Article 5.10, first paragraph, part a, of the Aviation Act;",,,,,0,,,0,,,,0,,,,,,,,,,,,,0,,,,,,,,,0,,,,,,,,,,,,,0,,,,,,,,,,,,,,,,,,,0,,,,,,,0,,,,,,,,,,0,0,0,0,0,0,0,0,0,0,0,,,,0,,0,,,,,,0,,,,0,0,,0,0,0,,,,,,"Gelet op artikel 21 van Verordening (EG) Nr. 1008/2008 van het Europees Parlement en de Raad van 24 september 2008 inzake gemeenschappelijke regels voor de exploitatie van luchtdiensten in de Gemeenschap (PbEU 2008, L 293) en artikel 5.10, eerste lid, onderdeel a, van de Wet luchtvaart;"
NL10044,NLD100025,13-Mar-20,,NLD,0,,,Regeling tijdelijk verbod burgerluchtverkeer luchtruim Nederland in verband met het virus dat de ziekte COVID-19 veroorzaakt,Decides:,,,,,0,,,0,,,,0,,,,,,,,,,,,,0,,,,,,,,,0,,,,,,,,,,,,,0,,,,,,,,,,,,,,,,,,,0,,,,,,,0,,,,,,,,,,0,0,0,0,0,0,0,0,0,0,0,,,,0,,0,,,,,,0,,,,0,0,,0,0,0,,,,,,BESLUIT:
NL10044,NLD100026,13-Mar-20,,NLD,0,,,Regeling tijdelijk verbod burgerluchtverkeer luchtruim Nederland in verband met het virus dat de ziekte COVID-19 veroorzaakt,"Article 1 (definition)

In these regulations the following terms have the following meanings:",,,,,0,,,0,,,,0,,,,,,,,,,,,,0,,,,,,,,,0,,,,,,,,,,,,,0,,,,,,,,,,,,,,,,,,,0,,,,,,,0,,,,,,,,,,0,0,0,0,0,0,0,0,0,0,0,,,,0,,0,,,,,,0,,,,0,0,,0,0,0,,,,,,"Artikel 1. (begripsomschrijving)	    

In deze regeling wordt verstaan onder:"
NL10044,NLD100027,13-Mar-20,,NLD,0,,,Regeling tijdelijk verbod burgerluchtverkeer luchtruim Nederland in verband met het virus dat de ziekte COVID-19 veroorzaakt,Covid-19: disease caused by the SARS-CoV-2 virus.,,,,,0,,,0,,,,0,,,,,,,,,,,,,0,,,,,,,,,0,,,,,,,,,,,,,0,,,,,,,,,,,,,,,,,,,0,,,,,,,0,,,,,,,,,,0,0,0,0,0,0,0,0,0,0,0,,,,0,,0,,,,,,0,,,,0,0,,0,0,0,,,,,,Covid-19: ziekte veroorzaakt door het SARS-CoV-2 virus.
NL10044,NLD100028,13-Mar-20,,NLD,0,,,Regeling tijdelijk verbod burgerluchtverkeer luchtruim Nederland in verband met het virus dat de ziekte COVID-19 veroorzaakt,Article 2. (Prohibition of civil air traffic),,,,,0,,,0,,,,0,,,,,,,,,,,,,0,,,,,,,,,0,,,,,,,,,,,,,0,,,,,,,,,,,,,,,,,,,0,,,,,,,0,,,,,,,,,,0,0,0,0,0,0,0,0,0,0,0,,,,0,,0,,,,,,0,,,,0,0,,0,0,0,,,,,,Artikel 2. (Verbod uitoefening burgerluchtverkeer)
NL10044,NLD100029,13-Mar-20,,NLD,0,,,Regeling tijdelijk verbod burgerluchtverkeer luchtruim Nederland in verband met het virus dat de ziekte COVID-19 veroorzaakt,"1 Om redenen van openbare orde en veiligheid is ter bescherming van de volksgezondheid de uitoefening van burgerluchtverkeer in het luchtruim boven Nederland verboden voor luchtverkeer dat het vervoer van passagiers tot doel heeft, met luchthavens gelegen op Nederlands grondgebied als plaats van bestemming.",,,,,0,,,0,,,,0,,,,,,,,,,,,,0,,,,,,,,,0,,,,,,,,,,,,,0,,,,,,,,,,,100,,,100,,,,,0,,,,,,,0,,,,,,,,,,0,0,0,0,0,0,0,0,0,0,0,,,,0,,0,,,,,,0,,,,0,0,,0,0,0,,,,,,"1. Om redenen van openbare orde en veiligheid is ter bescherming van de volksgezondheid de uitoefening van burgerluchtverkeer in het luchtruim boven Nederland verboden voor luchtverkeer dat het vervoer van passagiers tot doel heeft, met luchthavens gelegen op Nederlands grondgebied als plaats van bestemming."
NL10044,NLD100030,13-Mar-20,,NLD,0,,,Regeling tijdelijk verbod burgerluchtverkeer luchtruim Nederland in verband met het virus dat de ziekte COVID-19 veroorzaakt,2.The prohibition referred to in the first paragraph applies to air traffic from the following countries that pose a high risk in the spread of the virus that causes COVID-19:,,,,,0,,,0,,,,0,,,,,,,,,,,,,0,,,,,,,,,0,,,,,,,,,,,,,0,,,,,,,,,,,100,,,,,,,,0,,,,,,,0,,,,,,,,,,0,0,0,0,0,0,0,0,0,0,0,,,,0,,0,,,,,,0,,,,0,0,,0,0,0,,,,,,"2 Het verbod, bedoeld in het eerste lid, geldt voor het luchtverkeer afkomstig uit de volgende landen die een hoog-risico vormen bij de verspreiding van het virus dat COVID-19 veroorzaakt:"
NL10044,NLD100031,13-Mar-20,,NLD,0,,,Regeling tijdelijk verbod burgerluchtverkeer luchtruim Nederland in verband met het virus dat de ziekte COVID-19 veroorzaakt,"2.The prohibition referred to in the first paragraph applies to air traffic from the following countries that pose a high risk in the spread of the virus that causes COVID-19:

a. Italy;",,,,,0,,,0,,,,0,,,,,,,,,,,,,0,,,,,,,,,0,,,,,,,,,,,,,0,,,,,,,,,,,100,,,,,,,,0,,,,,,,0,,,,,,,,,,0,0,0,0,0,0,0,0,0,0,0,,,,0,,0,,,,,,0,,,,0,0,,0,0,0,,,,,,"2. Het verbod, bedoeld in het eerste lid, geldt voor het luchtverkeer afkomstig uit de volgende landen die een hoog-risico vormen bij de verspreiding van het virus dat COVID-19 veroorzaakt:


a. Italië;"
NL10044,NLD100032,13-Mar-20,,NLD,0,,,Regeling tijdelijk verbod burgerluchtverkeer luchtruim Nederland in verband met het virus dat de ziekte COVID-19 veroorzaakt,"2.The prohibition referred to in the first paragraph applies to air traffic from the following countries that pose a high risk in the spread of the virus that causes COVID-19:

b. China;",,,,,0,,,0,,,,0,,,,,,,,,,,,,0,,,,,,,,,0,,,,,,,,,,,,,0,,,,,,,,,,,100,,,,,,,,0,,,,,,,0,,,,,,,,,,0,0,0,0,0,0,0,0,0,0,0,,,,0,,0,,,,,,0,,,,0,0,,0,0,0,,,,,,"2 Het verbod, bedoeld in het eerste lid, geldt voor het luchtverkeer afkomstig uit de volgende landen die een hoog-risico vormen bij de verspreiding van het virus dat COVID-19 veroorzaakt:

b. China;"
NL10044,NLD100033,,,NLD,0,,,Regeling tijdelijk verbod burgerluchtverkeer luchtruim Nederland in verband met het virus dat de ziekte COVID-19 veroorzaakt,"2.The prohibition referred to in the first paragraph applies to air traffic from the following countries that pose a high risk in the spread of the virus that causes COVID-19:

c. Iran;",,,,,0,,,0,,,,0,,,,,,,,,,,,,0,,,,,,,,,0,,,,,,,,,,,,,0,,,,,,,,,,,100,,,,,,,,0,,,,,,,0,,,,,,,,,,0,0,0,0,0,0,0,0,0,0,0,,,,0,,0,,,,,,0,,,,0,0,,0,0,0,,,,,,"2 Het verbod, bedoeld in het eerste lid, geldt voor het luchtverkeer afkomstig uit de volgende landen die een hoog-risico vormen bij de verspreiding van het virus dat COVID-19 veroorzaakt:

c. Iran;"
NL10044,NLD100034,13-Mar-20,,NLD,0,,,Regeling tijdelijk verbod burgerluchtverkeer luchtruim Nederland in verband met het virus dat de ziekte COVID-19 veroorzaakt,"2.The prohibition referred to in the first paragraph applies to air traffic from the following countries that pose a high risk in the spread of the virus that causes COVID-19:

d. South Korea;",,,,,0,,,0,,,,0,,,,,,,,,,,,,0,,,,,,,,,0,,,,,,,,,,,,,0,,,,,,,,,,,,100,,,,,,,0,,,,,,,0,,,,,,,,,,0,0,0,0,0,0,0,0,0,0,0,,,,0,,0,,,,,,0,,,,0,0,,0,0,0,,,,,,"2 Het verbod, bedoeld in het eerste lid, geldt voor het luchtverkeer afkomstig uit de volgende landen die een hoog-risico vormen bij de verspreiding van het virus dat COVID-19 veroorzaakt:

d. Zuid-Korea;"
NL10044,NLD100035,13-Mar-20,,NLD,0,,,Regeling tijdelijk verbod burgerluchtverkeer luchtruim Nederland in verband met het virus dat de ziekte COVID-19 veroorzaakt,"2.The prohibition referred to in the first paragraph applies to air traffic from the following countries that pose a high risk in the spread of the virus that causes COVID-19:

e. Spain;",,,,,0,,,0,,,,0,,,,,,,,,,,,,0,,,,,,,,,0,,,,,,,,,,,,,0,,,,,,,,,,,100,,,,,,,,0,,,,,,,0,,,,,,,,,,0,0,0,0,0,0,0,0,0,0,0,,,,0,,0,,,,,,0,,,,0,0,,0,0,0,,,,,,"2 Het verbod, bedoeld in het eerste lid, geldt voor het luchtverkeer afkomstig uit de volgende landen die een hoog-risico vormen bij de verspreiding van het virus dat COVID-19 veroorzaakt:

e. Spanje;"
NL10044,NLD100036,13-Mar-20,,NLD,0,,,Regeling tijdelijk verbod burgerluchtverkeer luchtruim Nederland in verband met het virus dat de ziekte COVID-19 veroorzaakt,"2.The prohibition referred to in the first paragraph applies to air traffic from the following countries that pose a high risk in the spread of the virus that causes COVID-19:

f. Austria.",,,,,0,,,0,,,,0,,,,,,,,,,,,,0,,,,,,,,,0,,,,,,,,,,,,,0,,,,,,,,,,,100,,,,,,,,0,,,,,,,0,,,,,,,,,,0,0,0,0,0,0,0,0,0,0,0,,,,0,,0,,,,,,0,,,,0,0,,0,0,0,,,,,,"2 Het verbod, bedoeld in het eerste lid, geldt voor het luchtverkeer afkomstig uit de volgende landen die een hoog-risico vormen bij de verspreiding van het virus dat COVID-19 veroorzaakt:

f. Oostenrijk."
NL10044,NLD100037,13-Mar-20,,NLD,0,,,,3 The prohibition referred to in the first paragraph does not apply to:,,,,,0,,,0,,,,0,,,,,,,,,,,,,0,,,,,,,,,0,,,,,,,,,,,,,0,,,,,,,,,,,,,,,,,,,0,,,,,,,0,,,,,,,,,,0,0,0,0,0,0,0,0,0,0,0,,,,0,,0,,,,,,0,,,,0,0,,0,0,0,,,,,,"3 Het verbod, bedoeld in het eerste lid, geldt niet voor:"
NL10044,NLD100038,13-Mar-20,,NLD,0,,,Regeling tijdelijk verbod burgerluchtverkeer luchtruim Nederland in verband met het virus dat de ziekte COVID-19 veroorzaakt,"a. flights as referred to in the first paragraph, which have already started at the time of entry into force;",,,,,0,,,0,,,,0,,,,,,,,,,,,,0,,,,,,,,,0,,,,,,,,,,,,,0,,,,,,,,,,,,,,,,,,,0,,,,,,,0,,,,,,,,,,0,0,0,0,0,0,0,0,0,0,0,,,,0,,0,,,,,,0,,,,0,0,,0,0,0,,,,,,"a. vluchten als bedoeld in het eerste lid, die op het tijdstip van inwerkingtreding reeds zijn aangevangen;"
NL10044,NLD100039,13-Mar-20,,NLD,0,,,Regeling tijdelijk verbod burgerluchtverkeer luchtruim Nederland in verband met het virus dat de ziekte COVID-19 veroorzaakt,"b. repatriation of EU or Schengen and United Kingdom residents, where:",,,,,0,,,0,,,,0,,,,,,,,,,,,,0,,,,,,,,,0,,,,,,,,,,,,,0,,,,,,,,,,,,,,,,,,,0,,,,,,,0,,,,,,,,,,0,0,0,0,0,0,0,0,0,0,0,,,,0,,0,,,,,,0,,,,0,0,,0,0,0,,,,,,"b. repatriëring van EU- of Schengeningezetenen en ingezetenen uit het Verenigd Koninkrijk, waarbij:"
NL10044,NLD100040,13-Mar-20,,NLD,0,,,Regeling tijdelijk verbod burgerluchtverkeer luchtruim Nederland in verband met het virus dat de ziekte COVID-19 veroorzaakt,"1 ° non-Dutch residents have a demonstrable transit,",,,,,0,,,0,,,,0,,,,,,,,,,,,,0,,,,,,,,,0,,,,,,,,,,,,,0,,,,,,,,,,,,,,,,,,,0,,,,,,,0,,,,,,,,,,0,0,0,0,0,0,0,0,0,0,0,,,,0,,0,,,,,,0,,,,0,0,,0,0,0,,,,,,"1° niet-Nederlands ingezetenen een aantoonbare doorreis hebben,"
NL10044,NLD100041,13-Mar-20,,NLD,0,,,Regeling tijdelijk verbod burgerluchtverkeer luchtruim Nederland in verband met het virus dat de ziekte COVID-19 veroorzaakt,"2 ° passengers only in accordance with WHO guidelines and the EU Healthy Gateways, No. 801493, are allowed on board;",,,,,0,,,0,,,,0,,,,,,,,,,,,,0,,,,,,,,,0,,,,,,,,,,,,,0,,,,,,,,,,,,,,,,,,,0,,,,,,,0,,,,,,,,,,0,0,0,0,0,0,0,0,0,0,0,,,,0,,0,,,,,,0,,,,0,0,,0,0,0,,,,,,"2° passagiers uitsluitend overeenkomstig WHO-richtsnoeren en de EU Healthy Gateways, No. 801493, aan boord worden toegelaten;"
NL10044,NLD100042,13-Mar-20,,NLD,0,,,Regeling tijdelijk verbod burgerluchtverkeer luchtruim Nederland in verband met het virus dat de ziekte COVID-19 veroorzaakt,c. the transport of medical personnel or patients when this is in the interest of public health.,,,,,0,,,0,,,,0,,,,,,,,,,,,,0,,,,,,,,,0,,,,,,,,,,,,,0,,,,,,,,,,,,,,,,,,,0,,,,,,,0,,,,,,,,,,0,0,0,0,0,0,0,0,0,0,0,,,,0,,0,,,,,,0,,,,0,0,,0,0,0,,,,,,c. het vervoer van medisch personeel of patiënten wanneer dit in het belang is van de volksgezondheid.
NL10046,NLD100043,15-Mar-20,,NLD,0,,,Aanvullende aanwijzing COVID-19,"Exceptions from this instruction are hotels, home-delivered meals and catering.",,,,,0,,,0,,,,0,,,,,,,,,,,,,0,,,,,,,,,0,,,,,,,,,,,,,0,100,,,,,,,,,,,,,,,,,,0,,,,,,,0,,,,,,,,,,0,0,0,0,0,0,0,0,0,0,0,,,,0,,0,,,,,,0,,,,0,0,,0,0,0,,,,,,"Uitgezonderd van deze opdracht zijn hotels, thuisbezorgde maaltijden en catering."
NL10046,NLD100044,15-Mar-20,,NLD,0,,,Aanvullende aanwijzing COVID-19,"This also applies to public locations, such as museums, concert halls, theaters and sports competitions.",,,,,0,,,0,,,,0,,,,,,,,,,,,,0,,,,,,,,,0,,,,,,,,,,,,,0,1,,,,,,,,,,,,,,,,,,0,,,,,,,0,,,,,,,,,,0,0,0,0,0,0,0,0,0,0,0,,,,0,,0,,,,,,0,,,,0,0,,0,0,0,,,,,,"Dat geldt ook voor publieke locaties, zoals musea, concertzalen, theathers en sportwedstrijden."
NL10046,NLD100045,16-Mar-20,,NLD,0,,,Tweede aanvulling op aanwijzing COVID-19,"The locations can and should, where necessary, be used for:",,,,,0,,,0,,,,0,,,,,,,,,,,,,0,,,,,,,,,0,,,,,,,,,,,,,0,,,,,,,,,,,,,,,,,,,0,,,,,,,0,,,,,,,,,,0,0,0,0,0,0,0,0,0,0,0,,,,0,,0,,,,,,0,,,,0,0,,0,0,0,,,,,,"De locaties kunnen, en moeten waar nodig, wel gebruikt worden voor:"
NL10046,NLD100046,16-Mar-20,,NLD,0,,,Tweede aanvulling op aanwijzing COVID-19,"- the organization of distance education, whereby students and pupils receive education in the home situation via a (digital) medium;",,,,,0,,,0,,,,0,,,,,,,,,,,,,0,,,,,,,,,0,,,,,,,,,,,,,0,,,,,,,,,,,,,,,,,,,0,,,,,,,0,,,,,,,,,,0,0,0,0,0,0,0,0,0,0,0,,,,0,,0,,,,,,0,,,,0,0,,0,0,0,,,,,,"- de organisatie van onderwijs op afstand, waarbij studenten en leerlingen via  een (digitaal) medium onderwijs krijgen in de thuissituatie;"
NL10046,NLD100047,16-Mar-20,,NLD,0,,,Tweede aanvulling op aanwijzing COVID-19,"- the (emergency) care of children of parents who work in crucial professions or for vital processes, as described on www.rijksoverheid.nl. Emergency shelter is organized by municipalities, supported by the Association of Dutch Municipalities;",,,,,0,,,0,,,,0,,,,,,,,,,,,,0,,,,,,,,,0,,,,,,,,,,,,,0,,,,,,,,,,,,,,,,,,,0,,,,,,,0,,,,,,,,,,0,0,0,0,0,0,0,0,0,0,0,,,,0,,0,,,,,,0,,,,0,0,,0,0,0,,,,,,"- de (nood)opvang van kinderen van ouders die werken in cruciale beroepen of voor vitale processen, zoals beschreven op www.rijksoverheid.nl. De noodopvang wordt georganiseerd door gemeenten, ondersteund door de Vereniging  Nederlandse Gemeenten;"
NL10046,NLD100048,16-Mar-20,,NLD,0,,,Tweede aanvulling op aanwijzing COVID-19,"- the organization of tests and exams, provided that careful measures have been taken to limit the risk of contamination.",,,,,0,,,0,,,,0,,,,,,,,,,,,,0,,,,,,,,,0,,,,,,,,,,,,,0,,,,,,,,,,,,,,,,,,,0,,,,,,,0,,,,,,,,,,0,0,0,0,0,0,0,0,0,0,0,,,,0,,0,,,,,,0,,,,0,0,,0,0,0,,,,,,"- de organisatie van toetsing en examens, mits zorgvuldige maatregelen zijn getroffen om het risico van besmetting te beperken."
NL10046,NLD100049,16-Mar-20,,NLD,0,,,Tweede aanvulling op aanwijzing COVID-19,"If you find that educational institutions or providers of childcare or childminder care are not complying with this crisis measure and there are persistently more pupils, students or children present at a location than is necessary for the aforementioned purposes, I will instruct you on the basis of Article 7 of the The Public Health Act and with due observance of Article 39, first paragraph, of the Safety Regions Act, to close the educational institution or the accommodation for childcare or childminder care, for example by means of an emergency order.",,,,,0,,,0,,,,0,,,,,,,,,,,,,0,,,,,,,,,0,,,,,,,,,,,,,0,,,,100,100,100,100,,,,,,,,,,,,0,,,,,,,0,,,,,,,,,,0,0,0,0,0,0,0,0,0,0,0,,,,0,,0,,,,,,0,,,,0,0,,0,0,0,,,,,,"Als u constateert dat onderwijsinstellingen of aanbieders van kinderopvang of  gastouderopvang zich niet aan deze crisismaatregel houden en er aanhoudend  meer leerlingen, studenten of kinderen aanwezig zijn op een locatie dan nodig is voor de bovengenoemde doelen, geef ik u opdracht op basis van artikel 7 van de Wet publieke gezondheid en met inachtneming van artikel 39, eerste lid, van de Wet veiligheidsregio's, de onderwijsinstelling of het verblijf voor kinderopvang of gastouderopvang te sluiten, bijvoorbeeld met behulp van een noodbevel."
NL10046,NLD100050,16-Mar-20,,NLD,0,,,Tweede aanvulling op aanwijzing COVID-19,"For enforcement, you can also make use of Article 47 of the Public Health Act.",,,,,0,,,0,,,,0,,,,,,,,,,,,,0,,,,,,,,,0,,,,,,,,,,,,,0,,,,,,,,,,,,,,,,,,,0,,,,,,,0,,,,,,,,,,0,0,0,0,0,0,0,0,0,0,0,,,,0,,0,,,,,,0,,,,0,0,,0,0,0,,,,,,Voor de handhaving kunt u eventueel ook gebruik maken van artikel 47 van de Wet publieke gezondheid.
NL10051,NLD100051,20-Mar-20,,NLD,0,,,Aanwijzing verpleeghuizen en kleinschalige woonruimtes,"In the dying phase or comparable circumstances, an institution may occasionally deviate from this measure.",,,,,0,,,0,,,,0,,,,,,,,,,,,,0,,,,,,,,,0,,,,,,,,,,,,,0,,,,,,,,,,,,,,,,,,,0,,,,,,,0,,,,,,,,,,0,0,0,0,0,0,0,0,0,0,0,,,,0,,0,,,,,,0,,,,0,0,,0,0,0,,,,,,In de stervensfase of vergelijkbare omstandigheden kan een instelling incidenteel afwijken van deze maatregel.
NL10051,NLD100052,20-Mar-20,,NLD,0,,,Aanwijzing verpleeghuizen en kleinschalige woonruimtes,An exception is also possible for structural volunteers.,,,,,0,,,0,,,,0,,,,,,,,,,,,,0,,,,,,,,,0,,,,,,,,,,,,,0,,,,,,,,,,,,,,,,,,,0,,,,,,,0,,,,,,,,,,0,0,0,0,0,0,0,0,0,0,0,,,,0,,0,,,,,,0,,,,0,0,,0,0,0,,,,,,Ook voor structurele vrijwilligers is een uitzondering mogelijk.
NL10051,NLD100053,20-Mar-20,,NLD,0,,,Aanwijzing verpleeghuizen en kleinschalige woonruimtes,"I take into account that this measure will be extended after April 6, 2020.",,,,,0,,,0,,,,0,,,,,,,,,,,,,0,,,,,,,,,0,,,,,,,,,,,,,0,,,,,,,,,,,,,,,,,,,0,,,,,,,0,,,,,,,,,,0,0,0,0,0,0,0,0,0,0,0,,,,0,,0,,,,,,0,,,,0,0,,0,0,0,,,,,,Ik hou er rekening mee dat deze maatregel na 6 april 2020 verlengd zal worden.
NL10051,NLD100054,20-Mar-20,,NLD,0,,,Aanwijzing verpleeghuizen en kleinschalige woonruimtes,"On the basis of Article 7 of the Public Health Act and with due observance of Article 39, first paragraph, of the Security Regions Act, I therefore instruct you to use your powers in the field of public order and safety as nursing homes or small-scale housing, despite express efforts on their part, experience problems refusing visitors or third parties attempting to enter the venue.",,,,,0,,,0,,,,0,,,,,,,,,,,,,0,,,,,,,,,0,,,,,,,,100,,,,,0,,,,,,,,,,,,,,,,,,,0,,,,,,,0,,,,,,,,,,0,0,0,0,0,0,0,0,0,0,0,,,,0,,0,,,,,,0,,,,0,0,,0,0,0,,,,,,"Op basis van artikel 7 van de Wet publieke gezondheid en met inachtneming van artikel 39, eerste lid, van de Wet veiligheidsregio's, geef ik u daarom opdracht om uw bevoegdheden op het terrein van openbare orde en veiligheid in te zetten als verpleeghuizen of kleinschalige woonvormen, ondanks nadrukkelijke inspanningen van hun kant, problemen ervaren met het weigeren van bezoekers of derden die de locatie proberen binnen te komen."
NL10054,NLD100055,24-Mar-20,,NLD,0,,,Aanvulling aanwijzing COVID-19,"

You must exercise your powers in the field of public order and safety as referred to in Article 39 of the Security Regions Act, including, if necessary, including regulations in an emergency ordinance as referred to in Article 176 of the Municipalities Act. so that the following measures are taken as soon as possible after this designation:",,,,,0,,,0,,,,0,,,,,,,,,,,,,0,,,,,,,,,0,,,,,,,,,,,,,0,,,,,,,,,,,,,,,,,,,0,,,,,,,0,,,,,,,,,,0,0,0,0,0,0,0,0,0,0,0,,,,0,,0,,,,,,0,,,,0,0,,0,0,0,,,,,,"U dient uw bevoegdheden op het terrein van openbare orde en veiligheid als bedoeld in artikel 39 van de Wet veiligheidsregio's, waaronder, indien nodig, het opnemen van voorschriften in een noodverordening als bedoeld in artikel 176 van de  Gemeentewet, in te zetten opdat zo spoedig mogelijk na deze aanwijzing de volgende maatregelen worden getroffen:"
NL10054,NLD100056,24-Mar-20,,NLD,0,,,Aanvulling aanwijzing COVID-19,1. Prohibition for all licensed and reporting events until 1 June 2020.,,,,,0,,,0,,,,0,,,,,,,,,,,,,0,,,,,,,,,0,,,,,,,,,,,,,0,,,1,,,,,,,,,,,,,,,,0,,,,,,,0,,,,,,,,,,0,0,0,0,0,0,0,0,0,0,0,,,,0,,0,,,,,,0,,,,0,0,,0,0,0,,,,,,1. Verbod voor alle vergunningsplichtige en meldplichtige evenementen tot 1 juni  2020.
NL10054,NLD100057,24-Mar-20,,NLD,0,,,Aanvulling aanwijzing COVID-19,"2. Prohibition for all other gatherings, with exceptions for the following gatherings, provided that those involved keep 1.5 meters away from the nearest person at all times:",,,,,0,,,0,,,,0,,,,,,,,,,,,,0,,,,,,,,,0,,,,,,,,,,,,,0,,,1,,,,,,,,,,,,,,,,0,,,,,,,0,,,,,,,,,,0,0,0,0,0,0,0,0,0,0,0,,,,0,,0,,,,,,0,,,,0,0,,0,0,0,,,,,,"2. Verbod voor alle overige samenkomsten, waarbij uitzonderingen gelden voor de volgende samenkomsten, mits betrokkenen te allen tijde 1,5 meter afstand houden tot de dichtstbijzijnde persoon:"
NL10054,NLD100058,24-Mar-20,,NLD,0,,,Aanvulling aanwijzing COVID-19,"- legally required meetings, such as meetings of municipal councils, provided that no more than 100 people are present, as well as meetings of the States General;",,,,,0,,,0,,,,0,,,,,,,,,,,,,0,,,,,,,,,0,,,,,,,,,,,,,0,,,,,,,,,,,,,,,,,,,0,,,,,,,0,,,,,,,,,,0,0,0,0,0,0,0,0,0,0,0,,,,0,,0,,,,,,0,,,,0,0,,0,0,0,,,,,,"- wettelijk verplichte samenkomsten, zoals vergaderingen van gemeenteraden, mits daarbij niet meer dan 100 personen aanwezig zijn, alsook vergaderingen van de Staten-Generaal;"
NL10054,NLD100059,24-Mar-20,,NLD,0,,,Aanvulling aanwijzing COVID-19,"- meetings necessary for the continuation of the daily activities of institutions, companies and other organizations, provided that no more than 100 people are present",,,,,0,,,0,,,,0,,,,,,,,,,,,,0,,,,,,,,,0,,,,,,,,,,,,,0,,,,,,,,,,,,,,,,,,,0,,,,,,,0,,,,,,,,,,0,0,0,0,0,0,0,0,0,0,0,,,,0,,0,,,,,,0,,,,0,0,,0,0,0,,,,,,"- samenkomsten die nodig zijn voor de continuering van de dagelijkse werkzaamheden van instellingen, bedrijven en andere organisaties, mits daarbij niet meer dan 100 personen aanwezig zijn"
NL10054,NLD100060,24-Mar-20,,NLD,0,,,Aanvulling aanwijzing COVID-19,"- funerals and weddings, provided that no more than 30 people are present;",,,,,0,,,0,,,,0,,,,,,,,,,,,,0,,,,,,,,,0,,,,,,,,,,,,,0,,,,,,,,,,,,,,,,,,,0,,,,,,,0,,,,,,,,,,0,0,0,0,0,0,0,0,0,0,0,,,,0,,0,,,,,,0,,,,0,0,,0,0,0,,,,,,- uitvaarten en huwelijksvoltrekkingen mits daarbij niet meer dan 30 personen aanwezig zijn;
NL10054,NLD100061,24-Mar-20,,NLD,0,,,NL10054,"- gatherings of a religious or ideological nature, provided that no more than 30 people are present.",,,,,0,,,0,,,,0,,,,,,,,,,,,,0,,,,,,,,,0,,,,,,,,,,,,,0,,,,,,,,,,,,,,,,,,,0,,,,,,,0,,,,,,,,,,0,0,0,0,0,0,0,0,0,0,0,,,,0,,0,,,,,,0,,,,0,0,,0,0,0,,,,,,- uitvaarten en huwelijksvoltrekkingen mits daarbij niet meer dan 30 personen aanwezig zijn;
NL10054,NLD100062,24-Mar-20,,NLD,0,,,Aanvulling aanwijzing COVID-19,"- gatherings of a religious or spiritual nature, provided that no more than 30 people are present.",,,,,0,,,0,,,,0,,,,,,,,,,,,,0,,,,,,,,,0,,,,,,,,,,,,,0,,,,,,,,,,,,,,,,,,,0,,,,,,,0,,,,,,,,,,0,0,0,0,0,0,0,0,0,0,0,,,,0,,0,,,,,,0,,,,0,0,,0,0,0,,,,,,"- samenkomsten van religieuze of levensbeschouwelijke aard, mits daarbij niet meer dan 30 personen aanwezig zijn."
NL10054,NLD100063,24-Mar-20,,NLD,0,,,Aanvulling aanwijzing COVID-19,"3. Closing casinos, arcades and similar establishments, as well as closing establishments in which contact professions aimed at personal care are practiced, such as hairdressers and nail salons.",,,,,0,,,0,,,,0,,,,,,,,,,,,,0,,,,,,,,,0,,,,,,,,,,,,,0,1,"Added to ban: casino's and gaming halls, close-contact services (i.e. hairdressers, nail salons",,,,,,,,,,,,,,,,,0,,,,,,,0,,,,,,,,,,0,0,0,0,0,0,0,0,0,0,0,,,,0,,0,,,,,,0,,,,0,0,,0,0,0,,,,,,"3. Sluiten van casino's, speelhallen en daarmee vergelijkbare instellingen, alsook  sluiten van zaken waarbinnen op de uiterlijke verzorging gerichte contactberoepen worden uitgeoefend, zoals kapperszaken en nagelsalons."
NL10054,NLD100064,24-Mar-20,,NLD,0,,,Aanvulling aanwijzing COVID-19,"4. Prohibition of all forms of contact professions, including masseurs, hairdressers, nail stylists, escort services and driving instructors, insofar as these professions cannot be performed properly with due regard to a distance of 1.5 meters from the customer. The practice of (para) medical professions is excluded, provided there is an individual medical indication for this practice and the practitioner complies with all hygiene requirements in connection with COVID-19.",,,,,0,,,0,,,,0,,,,,,,,,,,,,0,,,,,,,,,0,,,,,,,,,,,,,0,,,,,,,,100,,,,,,,,,,,0,,,,,,,0,,,,,,,,,,0,0,0,0,0,0,0,0,0,0,0,,,,0,,0,,,,,,0,,,,0,0,,0,0,0,,,,,,"4. Verbod op het uitoefenen van alle vormen van contactberoepen, waaronder masseurs, kappers, nagelstylisten, escortservices en rij-instructeurs, voor zover deze beroepen niet naar behoren met inachtneming van 1,5 meter afstand tot de klant kunnen worden uitgeoefend. Uitgezonderd is de uitoefening van (para)medische beroepen, mits voor deze uitoefening een individuele medische indicatie be staat en daarbij door de beoefenaar alle in verband met COVID-19 benodigde hy giënevereisten in acht worden genomen."
NL10054,NLD100065,24-Mar-20,,NLD,0,,,Aanvulling aanwijzing COVID-19,"5. Closure of shops and markets, or termination of public transport, if these facilities do not or not sufficiently comply with the realization of the restrictive measures with regard to keeping 1.5 meters of distance between all persons present in the facility, or to make it clearly visible in an adequate manner.",,,,,0,,,0,,,,0,,,,,,,,,,,,,0,,,,,,,,,0,,,,,,,,,,,,,0,,,,,,,,,,,,,,,,,,,0,,,,,,,0,,,,,,,,,,0,0,0,0,0,0,0,0,0,0,0,,,,0,,0,,,,,,0,,,,0,0,,0,0,0,,,,,,"5. Sluiten van winkels en markten, of beëindigen van openbaar vervoer, indien deze voorzieningen zich niet of niet in voldoende mate houden aan de verwezenlijking van de beperkende maatregelen met betrekking tot het houden van 1,5 meter afstand tussen alle in de voorziening aanwezige personen, of aan het op adequate wijze zichtbaar duidelijk maken daarvan."
NL10054,NLD100066,24-Mar-20,,NLD,0,,,Aanvulling aanwijzing COVID-19,"6. Closure of all forms of locations, including holiday parks, camping sites, parks, nature reserves and beaches, if at these locations not or not sufficiently the restrictive measure with regard to keeping 1.5 meters distance between persons present there is observed or there is a threat of non-observance thereof.",,,,,0,,,0,,,,0,,,,,,,,,,,,,0,,,,,,,,,0,,,,,,,,,,,,,0,1,,,,,,,,,,,,,,,,,,0,,,,,,,0,,,,,,,,,,0,0,0,0,0,0,0,0,0,0,0,,,,0,,0,,,,,,0,,,,0,0,,0,0,0,,,,,,"6. Sluiten van alle vormen van locaties, waaronder vakantieparken, campings, parken, natuurgebieden en stranden, indien op deze locaties niet of niet in vol doende mate de beperkende maatregel met betrekking tot het houden van 1,5 meter afstand tussen daar aanwezige personen in acht wordt genomen of het niet in acht nemen daarvan dreigt."
NL10054,NLD100067,24-Mar-20,,NLD,0,,,Aanvulling aanwijzing COVID-19,7. Establishing a ban on coincidental or otherwise group formation in (certain parts of) the public space.,,,,,0,,,0,,,,0,,,,,,,,,,,,,0,,,,,,,,,0,,,,,,,,,,,,,0,,,1,,,,,,,,,,,,,,,,0,,,,,,,0,,,,,,,,,,0,0,0,0,0,0,0,0,0,0,0,,,,0,,0,,,,,,0,,,,0,0,,0,0,0,,,,,,7. Instellen van een verbod op al dan niet toevallige groepsvorming in (bepaalde delen van) de publieke ruimte.
NL10054,NLD100068,24-Mar-20,,NLD,0,,,Aanvulling aanwijzing COVID-19,Group formation is understood to mean: three or more persons who do not or not sufficiently observe a mutual distance of 1.5 meters.,,,,,0,,,0,,,,0,,,,,,,,,,,,,0,,,,,,,,,0,,,,,,,,,,,,,0,,,1,,,,,,,,,,,,,,,,0,,,,,,,0,,,,,,,,,,0,0,0,0,0,0,0,0,0,0,0,,,,0,,0,,,,,,0,,,,0,0,,0,0,0,,,,,,"Onder groepsvorming wordt hierbij verstaan: drie of meer personen die daarbij niet of niet in voldoende mate een onderlinge af stand van 1,5 meter in acht nemen."
NL10054,NLD100069,24-Mar-20,,NLD,0,,,Aanvulling aanwijzing COVID-19,There is no group formation if it concerns persons who form a joint household.,,,,,0,,,0,,,,0,,,,,,,,,,,,,0,,,,,,,,,0,,,,,,,,,,,,,0,,,,,,,,,,,,,,,,,,,0,,,,,,,0,,,,,,,,,,0,0,0,0,0,0,0,0,0,0,0,,,,0,,0,,,,,,0,,,,0,0,,0,0,0,,,,,,Van groepsvorming is geen sprake indien het personen betreft die een gezamenlijk huishouden vormen.
NL10054,NLD100070,24-Mar-20,,NLD,0,,,Aanvulling aanwijzing COVID-19,"In addition, there is no group formation if it concerns children up to the age of 12 who play together under the supervision of one or more parents or guardians who observe a mutual distance of 1.5 meters.",,,,,0,,,0,,,,0,,,,,,,,,,,,,0,,,,,,,,,0,,,,,,,,,,,,,0,,,,,,,,,,,,,,,,,,,0,,,,,,,0,,,,,,,,,,0,0,0,0,0,0,0,0,0,0,0,,,,0,,0,,,,,,0,,,,0,0,,0,0,0,,,,,,"Daarnaast is van groepsvorming geen sprake als het kinderen tot en met 12 jaar betreft die samen spelen onder toezicht van een of meer ouders of voogden die daarbij onderling een afstand van 1,5 meter in acht nemen."
NL10054,NLD100071,24-Mar-20,,NLD,0,,,Aanvulling aanwijzing COVID-19,You must include the prohibitions referred to under 2 and 3 in an emergency ordinance.,,,,,0,,,0,,,,0,,,,,,,,,,,,,0,,,,,,,,,0,,,,,,,,,,,,,0,,,,,,,,,,,,,,,,,,,0,,,,,,,0,,,,,,,,,,0,0,0,0,0,0,0,0,0,0,0,,,,0,,0,,,,,,0,,,,0,0,,0,0,0,,,,,,De onder 2 en 3 bedoelde verboden dient u op te nemen in een noodverordening.
NL10054,NLD100072,24-Mar-20,,NLD,0,,,Aanvulling aanwijzing COVID-19,"For the measures mentioned under 4 to 7 inclusive, you can make provision in the emergency ordinance, so that action under that ordinance is possible if necessary.",,,,,0,,,0,,,,0,,,,,,,,,,,,,0,,,,,,,,,0,,,,,,,,,,,,,0,,,,,,,,,,,,,,,,,,,0,,,,,,,0,,,,,,,,,,0,0,0,0,0,0,0,0,0,0,0,,,,0,,0,,,,,,0,,,,0,0,,0,0,0,,,,,,"Voor de onder 4 tot en met 7 genoemde maatregelen kunt u een voorziening in de noodverordening te treffen, opdat optreden krachtens die verordening mogelijk is indien dat noodzakelijk is."
NL10054,NLD100073,24-Mar-20,,NLD,0,,,Aanvulling aanwijzing COVID-19,The measures referred to under 2 to 7 will be reconsidered by 6 April 2020 at the latest.,,,,,0,,,0,,,,0,,,,,,,,,,,,,0,,,,,,,,,0,,,,,,,,,,,,,0,,,,,,,,,,,,,,,,,,,0,,,,,,,0,,,,,,,,,,0,0,0,0,0,0,0,0,0,0,0,,,,0,,0,,,,,,0,,,,0,0,,0,0,0,,,,,,De onder 2 tot en met 7 bedoelde maatregelen zullen uiterlijk 6 april 2020 worden heroverwogen.
NL10062,NLD100074,31-Mar-20,,NLD,0,,,Tweede aanvulling op aanwijzing COVID-19,The measures will be reconsidered no later than April 28.,,,,,0,,,0,,,,0,,,,,,,,,,,,,0,,,,,,,,,0,,,,,,,,,,,,,0,,,,,,,,,,,,,,,,,,,0,,,,,,,0,,,,,,,,,,0,0,0,0,0,0,0,0,0,0,0,,,,0,,0,,,,,,0,,,,0,0,,0,0,0,,,,,,Uiterlijk 28 april zal een heroverweging van de maatregelen plaatsvinden.
NL10062,NLD100075,31-Mar-20,,NLD,0,,,Tweede aanvulling op aanwijzing COVID-19,  ,,,,,0,,,0,,,,0,,,,,,,,,,,,,0,,,,,,,,,0,,,,,,,,,,,,,0,,,,,,,,,,,,,,,,,,,0,,,,,,,0,,,,,,,,,,0,0,0,0,0,0,0,0,0,0,0,,,,0,,0,,,,,,0,,,,0,0,,0,0,0,,,,,,"De opdracht inzake het verbod voor evenementen blijft, voor alle duidelijkheid, gelden tot 1 juni 2020."
NL10086,NLD100076,24-Apr-20,,NLD,0,,,Verlenging maatregelen COVID-19,"The new assignment concerns the period from April 29 to May 19, 2020.",,,,,0,,,0,,,,0,,,,,,,,,,,,,0,,,,,,,,,0,,,,,,,,,,,,,0,,,,,,,,,,,,,,,,,,,0,,,,,,,0,,,,,,,,,,0,0,0,0,0,0,0,0,0,0,0,,,,0,,0,,,,,,0,,,,0,0,,0,0,0,,,,,,De nieuwe opdracht betreft de periode vanaf 29 april tot en met 19 mei 2020.
NL10086,NLD100077,24-Apr-20,,NLD,0,,,Verlenging maatregelen COVID-19,"The instructions mentioned in the footnote) are no longer applicable from April 29, 2020.",,,,,0,,,0,,,,0,,,,,,,,,,,,,0,,,,,,,,,0,,,,,,,,,,,,,0,,,,,,,,,,,,,,,,,,,0,,,,,,,0,,,,,,,,,,0,0,0,0,0,0,0,0,0,0,0,,,,0,,0,,,,,,0,,,,0,0,,0,0,0,,,,,,De in de voetnoot genoemde aanwijzingen) zijn met ingang van 29 april 2020 niet meer van toepassing.
NL10086,NLD100078,24-Apr-20,,NLD,0,,,Verlenging maatregelen COVID-19,"The prohibition order for events will be extended until September 1, 2020.",,,,,0,,,0,,,,0,,,,,,,,,,,,,0,,,,,,,,,0,,,,,,,,,,,,,0,1,,1,,,,,,,,,,,,,,,,0,,,,,,,0,,,,,,,,,,0,0,0,0,0,0,0,0,0,0,0,,,,0,,0,,,,,,0,,,,0,0,,0,0,0,,,,,,De opdracht inzake het verbod voor evenementen wordt verlengd tot 1 september 2020.
NL10086,NLD100079,24-Apr-20,,NLD,0,,,Verlenging maatregelen COVID-19,"In addition to this designation, on April 17, I issued a separate designation for five security regions with an airport.",,,,,0,,,0,,,,0,,,,,,,,,,,,,0,,,,,,,,,0,,,,,,,,,,,,,0,,,,,,,,,,,,,,1,,,,,0,,,,,,,0,,,,,,,,,,0,0,0,0,0,0,0,0,0,0,0,,,,0,,0,,,,,,0,,,,0,0,,0,0,0,,,,,,Naast deze aanwijzing heb ik op 17 april voor vijf veiligheidsregio's met een luchthaven een afzonderlijke aanwijzing gegeven.
NL10086,NLD100080,24-Apr-20,,NLD,0,,,Verlenging maatregelen COVID-19,"There will be a reconsideration no later than the week of May 12, 2020 take place of the measures that apply up to and including 19 May.",,,,,0,,,0,,,,0,,,,,,,,,,,,,0,,,,,,,,,0,,,,,,,,,,,,,0,,,,,,,,,,,,,,,,,,,0,,,,,,,0,,,,,,,,,,0,0,0,0,0,0,0,0,0,0,0,,,,0,,0,,,,,,0,,,,0,0,,0,0,0,,,,,,Uiterlijk in de week van 12 mei 2020 zal een heroverweging plaatsvinden van de maatregelen die gelden tot en met 19 mei.
NL10086,NLD100081,24-Apr-20,,NLD,0,,,Verlenging maatregelen COVID-19,The measures are described below in the following appendices:,,,,,0,,,0,,,,0,,,,,,,,,,,,,0,,,,,,,,,0,,,,,,,,,,,,,0,,,,,,,,,,,,,,,,,,,0,,,,,,,0,,,,,,,,,,0,0,0,0,0,0,0,0,0,0,0,,,,0,,0,,,,,,0,,,,0,0,,0,0,0,,,,,,De maatregelen worden hieronder in de volgende bijlagen beschreven:
NL10086,NLD100082,24-Apr-20,,NLD,0,,,Verlenging maatregelen COVID-19,"I. Regulations for events, meetings and failure to observe a safe distance of 1.5 meters",,,,,0,,,0,,,,0,,,,,,,,,,,,,0,,,,,,,,,0,,,,,,,,,,,,,0,1,,1,,,,,,,,,,,,,,,,0,,,,,,,0,,,,,,,,,,0,0,0,0,0,0,0,0,0,0,0,,,,0,,0,,,,,,0,,,,0,0,,0,0,0,,,,,,"I . Bepalingen voor evenementen, samenkomsten en het niet in acht nemen van een veilige afstand van 1,5 meter"
NL10086,NLD100083,24-Apr-20,,NLD,0,,,Verlenging maatregelen COVID-19,"II. Provisions for companies and locations, contact professions and public transport facilities",,,,,0,,,0,,,,0,,,,,,,,,,,,,0,,,,,,,,,0,,,,,,,,,,,,,0,,,,,,,,,,,,,1,1,1,,,,0,,,,,,,0,,,,,,,,,,0,0,0,0,0,0,0,0,0,0,0,,,,0,,0,,,,,,0,,,,0,0,,0,0,0,,,,,,"II. Bepalingen voor bedrijven en locaties, contactberoepen en voorzieningen voor openbaar vervoer"
NL10086,NLD100084,24-Apr-20,,NLD,0,,,Verlenging maatregelen COVID-19,"III. Provisions for educational establishments and residences for childcare, out-of-school care and childminder care",,,,,0,,,0,,,,0,,,,,,,,,,,,,0,,,,,,,,,0,,,,,,,,,,,,,0,,,,1,1,1,1,,,,,,,,,,,,0,,,,,,,0,,,,,,,,,,0,0,0,0,0,0,0,0,0,0,0,,,,0,,0,,,,,,0,,,,0,0,,0,0,0,,,,,,"III. Bepalingen voor onderwijsinstellingen en verblijven voor kinderopvang, buitenschoolse opvang en gastouderopvang"
NL10086,NLD100085,24-Apr-20,,NLD,0,,,Verlenging maatregelen COVID-19,IV Provisions for nursing homes and other small-scale living arrangements in elderly care,,,,,0,,,0,,,,0,,,,,,,,,,,,,0,,,,,,,,,0,,,,,,,,1,,,,,0,,,,,,,,,,,,,,,,,,,0,,,,,,,0,,,,,,,,,,0,0,0,0,0,0,0,0,0,0,0,,,,0,,0,,,,,,0,,,,0,0,,0,0,0,,,,,,IV Bepalingen voor verpleeghuizen en andere kleinschalige woonvormen in de ouderenzorg
NL10103,NLD100086,11-May-20,,NLD,0,,,aanwijzing d.d. 8 mei 2020,I instruct you to add an exception to the earlier prohibition of gatherings;,,,,,0,,,0,,,,0,,,,,,,,,,,,,0,,,,,,,,,0,,,,,,,,,,,,,0,,,,,,,,,,,,,,,,,,,0,,,,,,,0,,,,,,,,,,0,0,0,0,0,0,0,0,0,0,0,,,,0,,0,,,,,,0,,,,0,0,,0,0,0,,,,,,Ik geef u opdracht een uitzondering toe te voegen aan het eerdere verbod op samenkomsten;
NL10103,NLD100087,11-May-20,,NLD,0,,,aanwijzing d.d. 8 mei 2020,"- Outside sports and exercise for people aged 19 and older is allowed, including in a team. For this age group, as with the age groups up to 19 years, they are not allowed to organize competitions, participate in competitions and for sports and exercise are not allowed to use communal washing  shower facilities.",,,,,0,,,0,,,,0,,,,,,,,,,,,,0,,,,,,,,,0,,,,,,,,,,,,,0,-1,,,,,,,,,,,,,,,,,,0,,,,,,,0,,,,,,,,,,0,0,0,0,0,0,0,0,0,0,0,,,,0,,0,,,,,,0,,,,0,0,,0,0,0,,,,,,"- Buiten sporten en bewegen voor personen van 19 jaar en ouder is toegestaan, onder andere in teamverband. Voor deze leeftijdsgroep geldt, net  als bij de leeftijdsgroepen tot 19 jaar, dat zij geen wedstrijden mogen organiseren, niet aan wedstrijden mogen deelnemen en rondom het sporten en bewegen geen gebruik mogen maken van gemeenschappelijke was- en douchevoorzieningen."
NL10103,NLD100088,11-May-20,,NLD,0,,,aanwijzing d.d. 8 mei 2020,"Naturally, those involved must always keep 1.5 meters away from the nearest person.",,,,,0,,,0,,,,0,,,,,,,,,,,,,0,,,,,,,,,0,,,,,,,,,,,,,0,,,,,,,,,,,,,,,,,,,0,,,,,,,0,,,,,,,,,,0,0,0,0,0,0,0,0,0,0,0,,,,0,,0,,,,,,0,,,,0,0,,0,0,0,,,,,,"Uiteraard moeten betrokkenen te allen tijde 1,5 meter afstand houden tot de dichtstbijzijnde persoon."
NL10103,NLD100089,11-May-20,,NLD,0,,,aanwijzing d.d. 8 mei 2020,"The previous exceptions for organized outdoor sports and exercise for children up to and including 18 years also include, under the same conditions (organized, outdoors, 13 to 18 years of age keep their distance), activities of scouting, culture, art , and other youth associations.",,,,,0,,,0,,,,0,,,,,,,,,,,,,0,,,,,,,,,0,,,,,,,,,,,,,0,-1,,,,,,,,,,,,,,,,,,0,,,,,,,0,,,,,,,,,,0,0,0,0,0,0,0,0,0,0,0,,,,0,,0,,,,,,0,,,,0,0,,0,0,0,,,,,,"De eerdere uitzonderingen voor georganiseerd buiten sporten en bewegen voor kinderen tot en met 18 jaar omvatten overigens mede, onder dezelfde voorwaar den (georganiseerd, buiten, 13 tot en met 18 jaar afstand houden), activiteiten van scouting-, cultuur-, kunst-, en andere jeugdverenigingen."
NL10103,NLD100090,11-Mar-20,,NLD,0,,,aanwijzing d.d. 8 mei 2020,"Libraries, theme parks and zoos",,,,,0,,,0,,,,0,,,,,,,,,,,,,0,,,,,,,,,0,,,,,,,,,,,,,0,,,,,,,,,,,,,,,,,,,0,,,,,,,0,,,,,,,,,,0,0,0,0,0,0,0,0,0,0,0,,,,0,,0,,,,,,0,,,,0,0,,0,0,0,,,,,,"Bibliotheken, pretparken en dierentuinen"
NL10103,NLD100091,11-May-20,,NLD,0,,,aanwijzing d.d. 8 mei 2020,"I am also instructing you to expand the option of exempting shops and markets from the ban on gatherings with libraries, amusement parks and zoos, provided visitors and employees keep a distance of 1.5 meters at all times. to the nearest person.",,,,,0,,,0,,,,0,,,,,,,,,,,,,0,,,,,,,,,0,,,,,,,,,,,,,0,-1,,,,,,,,,,,,,,,,,,0,,,,,,,0,,,,,,,,,,0,0,0,0,0,0,0,0,0,0,0,,,,0,,0,,,,,,0,,,,0,0,,0,0,0,,,,,,"Verder geef ik u opdracht om de mogelijkheid om winkels en markten uit te zon deren van het verbod op samenkomsten, uit te breiden met bibliotheken, pretpar ken en dierentuinen, mits bezoekers en werknemers te allen tijde 1,5 meter af stand houden tot de dichtstbijzijnde persoon."
NL10103,NLD100092,11-May-20,,NLD,0,,,aanwijzing d.d. 8 mei 2020,"The managers of these locations are responsible for making plans with which they ensure, among other things, that the 1.5 meters distance is preserved and the burden on the mobility system and in particular public transport remains acceptable.",,,,,0,,,0,,,,0,,,,,,,,,,,,,0,,,,,,,,,0,,,,,,,,,,,,,0,,,,,,,,,,,,,,,,,,,0,,,,,,,0,,,,,,,,,,0,0,0,0,0,0,0,0,0,0,0,,,,0,,0,,,,,,0,,,,0,0,,0,0,0,,,,,,"De beheerders van deze locaties zijn ervoor verantwoordelijk plannen te maken waarmee ze er onder andere voor zor gen dat de 1,5 meter afstand bewaard blijft en de belasting voor het mobiliteits systeem en in het bijzonder het openbaar vervoer acceptabel blijft."
NL10103,NLD100093,11-May-20,,NLD,0,,,aanwijzing d.d. 8 mei 2020,The general provisions for the closure of food and beverage outlets and terraces will remain in force at these locations until further notice.,,,,,0,,,0,,,,0,,,,,,,,,,,,,0,,,,,,,,,0,,,,,,,,,,,,,0,,,,,,,,1,,,,,,,,,,,0,,,,,,,0,,,,,,,,,,0,0,0,0,0,0,0,0,0,0,0,,,,0,,0,,,,,,0,,,,0,0,,0,0,0,,,,,,De algemene bepalingen voor de sluiting van eet- en drinkgelegenheden en terrassen blijven tot nader order van kracht op deze locaties.
NL10103,NLD100094,11-May-20,,NLD,0,,,aanwijzing d.d. 8 mei 2020,The closure of sanitary facilities in these locations only applies to communal washing and shower facilities.,,,,,0,,,0,,,,0,,,,,,,,,,,,,0,,,,,,,,,0,,,,,,,,,,,,,0,,,,,,,,,,,,,,,,,,,0,,,,,,,0,,,,,,,,,,0,0,0,0,0,0,0,0,0,0,0,,,,0,,0,,,,,,0,,,,0,0,,0,0,0,,,,,,De sluiting van sanitaire voorzieningen geldt in deze locaties alleen voor gemeenschappelijke was- en douchegelegenhe den.
NL10103,NLD100095,11-May-20,,NLD,0,,,aanwijzing d.d. 8 mei 2020,Toilets can be used.,,,,,0,,,0,,,,0,,,,,,,,,,,,,0,,,,,,,,,0,,,,,,,,,,,,,0,,,,,,,,,,,,,,,,,,,0,,,,,,,0,,,,,,,,,,0,0,0,0,0,0,0,0,0,0,0,,,,0,,0,,,,,,0,,,,0,0,,0,0,0,,,,,,Toiletten kunnen wel gebruikt worden.
NL10103,NLD100096,11-May-20,,NLD,0,,,aanwijzing d.d. 8 mei 2020,"In the follow-up to this instruction, you have the option to close or keep these locations closed if you are of the opinion that the measure to keep 1.5 meters away is (expected) not being properly complied with or cannot be properly observed or that you expect or notice problems with the use of the mobility system and in particular public transport.",,,,,0,,,0,,,,0,,,,,,,,,,,,,0,,,,,,,,,0,,,,,,,,,,,,,0,,,,,,,,,,,,,,,,,,,0,,,,,,,0,,,,,,,,,,0,0,0,0,0,0,0,0,0,0,0,,,,0,,0,,,,,,0,,,,0,0,,0,0,0,,,,,,"In de opvolging van deze opdracht heeft u de mogelijkheid om deze locaties te sluiten of gesloten te houden indien u van oordeel bent dat de maatregel om 1,5 meter afstand te houden (naar verwachting) niet goed wordt nageleefd of niet goed na te leven is of dat u problemen verwacht dan wel constateert met het ge bruik van het mobiliteitssysteem en in het bijzonder het openbaar vervoer."
NL10103,NLD100097,11-May-20,,NLD,0,,,aanwijzing d.d. 8 mei 2020,Swimming facilities and sports clubs,,,,,0,,,0,,,,0,,,,,,,,,,,,,0,,,,,,,,,0,,,,,,,,,,,,,0,,,,,,,,,,,,,,,,,,,0,,,,,,,0,,,,,,,,,,0,0,0,0,0,0,0,0,0,0,0,,,,0,,0,,,,,,0,,,,0,0,,0,0,0,,,,,,Zwemgelegenheden en sportclubs
NL10103,NLD100098,11-May-20,,NLD,0,,,aanwijzing d.d. 8 mei 2020,All swimming facilities can be opened from 11 May.,,,,,0,,,0,,,,0,,,,,,,,,,,,,0,,,,,,,,,0,,,,,,,,,,,,,0,1,,,,,,,,,,,,,,,,,,0,,,,,,,0,,,,,,,,,,0,0,0,0,0,0,0,0,0,0,0,,,,0,,0,,,,,,0,,,,0,0,,0,0,0,,,,,,Alle zwemgelegenheden kunnen vanaf 11 mei opengesteld worden.
NL10103,NLD100099,11-May-20,,NLD,0,,,aanwijzing d.d. 8 mei 2020,This means that from 11 May it will also be possible to exercise and exercise in indoor swimming areas.,,,,,0,,,0,,,,0,,,,,,,,,,,,,0,,,,,,,,,0,,,,,,,,,,,,,0,1,,,,,,,,,,,,,,,,,,0,,,,,,,0,,,,,,,,,,0,0,0,0,0,0,0,0,0,0,0,,,,0,,0,,,,,,0,,,,0,0,,0,0,0,,,,,,Dit betekent dat het vanaf 11 mei ook mogelijk wordt om in overdekte zwemgelegenheden te sporten en bewegen.
NL10103,NLD100100,11-May-20,,NLD,0,,,aanwijzing d.d. 8 mei 2020,The managers of the swimming facilities are responsible for ensuring that the measure to maintain a distance of 1.5 meters is properly complied with in and around the swimming facilities.,,,,,0,,,0,,,,0,,,,,,,,,,,,,0,,,,,,,,,0,,,,,,,,,,,,,0,,,,,,,,,,,,,,,,,,,0,,,,,,,0,,,,,,,,,,0,0,0,0,0,0,0,0,0,0,0,,,,0,,0,,,,,,0,,,,0,0,,0,0,0,,,,,,"De beheerders van de zwemgelegenheden zijn ervoor verantwoordelijk dat de maatregel om 1,5 meter afstand te houden goed wordt nageleefd in en om de zwemgelegenheden."
NL10103,NLD100101,11-May-20,,NLD,0,,,aanwijzing d.d. 8 mei 2020,"For swimming facilities, communal washing and shower facilities cannot be used.",,,,,0,,,0,,,,0,,,,,,,,,,,,,0,,,,,,,,,0,,,,,,,,,,,,,0,,,,,,,,,,,,,,,,,,,0,,,,,,,0,,,,,,,,,,0,0,0,0,0,0,0,0,0,0,0,,,,0,,0,,,,,,0,,,,0,0,,0,0,0,,,,,,Voor zwemgelegenheden geldt dat ge meenschappelijke was- en douchegelegenheden niet gebruikt kunnen worden.
NL10103,NLD100102,11-May-20,,NLD,0,,,aanwijzing d.d. 8 mei 2020,Toilets can be used.,,,,,0,,,0,,,,0,,,,,,,,,,,,,0,,,,,,,,,0,,,,,,,,,,,,,0,,,,,,,,,,,,,,,,,,,0,,,,,,,0,,,,,,,,,,0,0,0,0,0,0,0,0,0,0,0,,,,0,,0,,,,,,0,,,,0,0,,0,0,0,,,,,,Toiletten kunnen wel gebruikt worden.
NL10103,NLD100103,11-May-20,,NLD,0,,,aanwijzing d.d. 8 mei 2020,"I order you to end the closure of swimming areas, but to keep the option to close these locations or keep them closed if you are of the opinion that the measure to keep 1.5 meters away is not is properly observed.",,,,,0,,,0,,,,0,,,,,,,,,,,,,0,,,,,,,,,0,,,,,,,,,,,,,0,-1,,,,,,,,,,,,,,,,,,0,,,,,,,0,,,,,,,,,,0,0,0,0,0,0,0,0,0,0,0,,,,0,,0,,,,,,0,,,,0,0,,0,0,0,,,,,,"Ik geef u de opdracht om de sluiting van zwemgelegenheden te beëindigen, maar wel de mogelijkheid te houden om deze locaties te sluiten of gesloten te houden indien u van oordeel bent dat de maatregel om 1,5 meter afstand te houden niet goed wordt nageleefd."
NL10103,NLD100104,11-May-20,,NLD,0,,,aanwijzing d.d. 8 mei 2020,I also order you to make an exception to the closure of establishments for sports and exercise insofar as this is necessary to make outdoor sports possible for persons aged 19 years and older.,,,,,0,,,0,,,,0,,,,,,,,,,,,,0,,,,,,,,,0,,,,,,,,,,,,,0,-1,,,,,,,,,,,,,,,,,,0,,,,,,,0,,,,,,,,,,0,0,0,0,0,0,0,0,0,0,0,,,,0,,0,,,,,,0,,,,0,0,,0,0,0,,,,,,Verder geef ik u opdracht om een uitzondering te maken op de sluiting van inrichtingen voor sporten en bewegen voor zover dat nodig is om buiten sporten voor personen van 19 jaar en ouder mogelijk te maken.
NL10103,NLD100105,11-May-20,,NLD,0,,,aanwijzing d.d. 8 mei 2020,Contact professions,,,,,0,,,0,,,,0,,,,,,,,,,,,,0,,,,,,,,,0,,,,,,,,,,,,,0,,,,,,,,,,,,,,,,,,,0,,,,,,,0,,,,,,,,,,0,0,0,0,0,0,0,0,0,0,0,,,,0,,0,,,,,,0,,,,0,0,,0,0,0,,,,,,Contactberoepen
NL10103,NLD100106,11-May-20,,NLD,0,,,aanwijzing d.d. 8 mei 2020,"As of 11 May, the practice of contact professions is allowed again.",,,,,0,,,0,,,,0,,,,,,,,,,,,,0,,,,,,,,,0,,,,,,,,,,,,,0,,,,,,,,,,-1,,,,,,,,,0,,,,,,,0,,,,,,,,,,0,0,0,0,0,0,0,0,0,0,0,,,,0,,0,,,,,,0,,,,0,0,,0,0,0,,,,,,Met ingang van 11 mei is de uitoefening van contactberoepen weer toegestaan.
NL10103,NLD100107,11-May-20,,NLD,0,,,aanwijzing d.d. 8 mei 2020,"The prohibition on practicing the contact profession still applies to sex workers, they are not yet allowed to practice their profession.",,,,,0,,,0,,,,0,,,,,,,,,,,,,0,,,,,,,,,0,,,,,,,,,,,,,0,1,,,,,,,,,,,,,,,,,,0,,,,,,,0,,,,,,,,,,0,0,0,0,0,0,0,0,0,0,0,,,,0,,0,,,,,,0,,,,0,0,,0,0,0,,,,,,"Het verbod op het uitoefenen van het contactberoep geldt nog wel voor sekswer kers, zij mogen hun beroep nog niet uitoefenen."
NL10103,NLD100108,11-May-20,,NLD,0,,,aanwijzing d.d. 8 mei 2020,Allowing the exercise of contact professions also means that the establishments where the on body care-oriented contact professions are carried out again fully open and can be used.,,,,,0,,,0,,,,0,,,,,,,,,,,,,0,,,,,,,,,0,,,,,,,,,,,,,0,-1,,,,,,,,,,,,,,,,,,0,,,,,,,0,,,,,,,,,,0,0,0,0,0,0,0,0,0,0,0,,,,0,,0,,,,,,0,,,,0,0,,0,0,0,,,,,,Het toestaan van de uitoefening van contactberoepen betekent dat ook de inrichtingen waar de op de uiterlijke verzorging gerichte contactberoepen worden uitgeoefend weer volledig openge steld en benut kunnen worden.
NL10103,NLD100109,11-May-20,,NLD,0,,,aanwijzing d.d. 8 mei 2020,Contact professionals and the administrators of establishments where contact professions are exercised are responsible for arranging and organizing the measures necessary to do the work in a careful manner.,,,,,0,,,0,,,,0,,,,,,,,,,,,,0,,,,,,,,,0,,,,,,,,,,,,,0,,,,,,,,,,,,,,,,,,,0,,,,,,,0,,,,,,,,,,0,0,0,0,0,0,0,0,0,0,0,,,,0,,0,,,,,,0,,,,0,0,,0,0,0,,,,,,De beoefenaren van contactberoepen en de beheerders van inrichtingen waar contactberoepen worden uitgeoefend zijn verantwoordelijk voor het regelen en organiseren van de maatregelen die nodig zijn om het werk op een zorgvuldige manier te doen.
NL10103,NLD100110,11-May-20,,NLD,0,,,aanwijzing d.d. 8 mei 2020,"I instruct you to keep the option of ceasing to act when in the exercise of contact professions, despite explicit efforts of practitioners and administrators, no 1.5 meters distance is kept between customers and / or visitors.",,,,,0,,,0,,,,0,,,,,,,,,,,,,0,,,,,,,,,0,,,,,,,,,,,,,0,,,,,,,,,,,,,,,,,,,0,,,,,,,0,,,,,,,,,,0,0,0,0,0,0,0,0,0,0,0,,,,0,,0,,,,,,0,,,,0,0,,0,0,0,,,,,,"Ik geef u opdracht om wel de mogelijkheid te houden op te treden wanneer er bij de uitoefening van contactberoepen, ondanks nadrukkelijke inspanningen van de beoefenaren en beheerders, geen 1,5 meter afstand wordt gehouden tussen klanten en/of bezoekers onderling."
NL10124,NLD100111,01-Jun-20,,NLD,0,,,aanwijzing maatregelen COVID 19 vanaf 1 juni,"I now order you to take some measures with effect from 1 June 2020, 12:00 noon and, as far as secondary vocational education and higher education are concerned, 15 June 2020, to be adjusted.",,,,,0,,,0,,,,0,,,,,,,,,,,,,0,,,,,,,,,0,,,,,,,,,,,,,0,,,,,,,,,,,,,,,,,,,0,,,,,,,0,,,,,,,,,,0,0,0,0,0,0,0,0,0,0,0,,,,0,,0,,,,,,0,,,,0,0,,0,0,0,,,,,,"Ik geef u nu opdracht om enkele maatregelen met ingang van 1 juni 2020, 12.00 uur en, voor zover het middelbaar beroepsonderwijs en hoger onderwijs betreft, 15 juni 2020, aan te passen."
NL10124,NLD100112,01-Jun-20,,NLD,0,,,aanwijzing maatregelen COVID 19 vanaf 1 juni,"For the rest, the instruction of April 24 and May 8 are extended.",,,,,0,,,0,,,,0,,,,,,,,,,,,,0,,,,,,,,,0,,,,,,,,,,,,,0,,,,,,,,,,,,,,,,,,,0,,,,,,,0,,,,,,,,,,0,0,0,0,0,0,0,0,0,0,0,,,,0,,0,,,,,,0,,,,0,0,,0,0,0,,,,,,Voor het overige worden de aanwijzingen van 24 april en 8 mei verlengd.
NL10124,NLD100113,01-Jun-20,,NLD,0,,,aanwijzing maatregelen COVID 19 vanaf 1 juni,"In the week of 1 June 2020, the cabinet will again decide on the extension and / or adjustment of measures.",,,,,0,,,0,,,,0,,,,,,,,,,,,,0,,,,,,,,,0,,,,,,,,,,,,,0,,,,,,,,,,,,,,,,,,,0,,,,,,,0,,,,,,,,,,0,0,0,0,0,0,0,0,0,0,0,,,,0,,0,,,,,,0,,,,0,0,,0,0,0,,,,,,In de week van 1 juni 2020 besluit het kabinet opnieuw over het verlengen en/of aanpassen van maatregelen.
NL10124,NLD100114,01-Jun-20,,NLD,0,,,aanwijzing maatregelen COVID 19 vanaf 1 juni,1.5 meter standard and meetings,,,,,0,,,0,,,,0,,,,,,,,,,,,,0,,,,,,,,,0,,,,,,,,,,,,,0,,,,,,,,,,,,,,,,,,,0,,,,,,,0,,,,,,,,,,0,0,0,0,0,0,0,0,0,0,0,,,,0,,0,,,,,,0,,,,0,0,,0,0,0,,,,,,"1,5-meternorm en samenkomsten"
NL10124,NLD100115,01-Jun-20,,NLD,0,,,aanwijzing maatregelen COVID 19 vanaf 1 juni,"A. Part I, section 3, of the designation of April 24, 2020 is replaced by the following:",,,,,0,,,0,,,,0,,,,,,,,,,,,,0,,,,,,,,,0,,,,,,,,,,,,,0,,,,,,,,,,,,,,,,,,,0,,,,,,,0,,,,,,,,,,0,0,0,0,0,0,0,0,0,0,0,,,,0,,0,,,,,,0,,,,0,0,,0,0,0,,,,,,"A. Deel I, onderdeel 3, van de aanwijzing van 24 april 2020 komt als volgt te luiden:"
NL10124,NLD100116,01-Jun-20,,NLD,0,,,aanwijzing maatregelen COVID 19 vanaf 1 juni,3. There is a prohibition against not observing a distance of 1.5 meters in public spaces (incl. Vessels and vehicles).,,,,,0,,,0,,,,0,,,,,,,,,,,,,0,,,,,,,,,0,1,,,,,,,,,,,,0,,,,,,,,,,,,,,,,,,,0,,,,,,,0,,,,,,,,,,0,0,0,0,0,0,0,0,0,0,0,,,,0,,0,,,,,,0,,,,0,0,,0,0,0,,,,,,"3. Er is een verbod op het in de publieke ruimte (incl. vaartuigen en voertuigen) niet in acht nemen van een onderlinge afstand van 1,5 meter."
NL10124,NLD100117,01-Jun-20,,NLD,0,,,aanwijzing maatregelen COVID 19 vanaf 1 juni,This prohibition applies not if it concerns persons,,,,,0,,,0,,,,0,,,,,,,,,,,,,0,,,,,,,,,0,,,,,,,,,,,,,0,,,,,,,,,,,,,,,,,,,0,,,,,,,0,,,,,,,,,,0,0,0,0,0,0,0,0,0,0,0,,,,0,,0,,,,,,0,,,,0,0,,0,0,0,,,,,,Dit verbod geldt niet indien het personen betreft
NL10124,NLD100118,01-Jun-20,,NLD,0,,,aanwijzing maatregelen COVID 19 vanaf 1 juni,"a) that form a joint household,",,,,,0,,,0,,,,0,,,,,,,,,,,,,0,,,,,,,,,0,,,,,,,,,,,,,0,,,,,,,,,,,,,,,,,,,0,,,,,,,0,,,,,,,,,,0,0,0,0,0,0,0,0,0,0,0,,,,0,,0,,,,,,0,,,,0,0,,0,0,0,,,,,,"a) die een gezamenlijk huishouden vormen,"
NL10124,NLD100119,01-Jun-20,,NLD,0,,,aanwijzing maatregelen COVID 19 vanaf 1 juni,"b) if it concerns the distance to children up to and including 12 years old, or",,,,,0,,,0,,,,0,,,,,,,,,,,,,0,,,,,,,,,0,,,,,,,,,,,,,0,,,,,,,,,,,,,,,,,,,0,,,,,,,0,,,,,,,,,,0,0,0,0,0,0,0,0,0,0,0,,,,0,,0,,,,,,0,,,,0,0,,0,0,0,,,,,,"b) als het de afstand tot kinderen tot en met 12 jaar betreft, of"
NL10124,NLD100120,01-Jun-20,,NLD,0,,,aanwijzing maatregelen COVID 19 vanaf 1 juni,c) if it concerns a person with a disability and his companions.,,,,,0,,,0,,,,0,,,,,,,,,,,,,0,,,,,,,,,0,,,,,,,,,,,,,0,,,,,,,,,,,,,,,,,,,0,,,,,,,0,,,,,,,,,,0,0,0,0,0,0,0,0,0,0,0,,,,0,,0,,,,,,0,,,,0,0,,0,0,0,,,,,,c) indien het een persoon betreft met een handicap en diens begeleiders.
NL10124,NLD100121,01-Jun-20,,NLD,0,,,aanwijzing maatregelen COVID 19 vanaf 1 juni,"With regard to this prohibition, the 1.5 meters in the public space is enforced from three people.",,,,,0,,,0,,,,0,,,,,,,,,,,,,0,,,,,,,,,0,1,,,,,,,,,,,,0,,,,,,,,,,,,,,,,,,,0,,,,,,,0,,,,,,,,,,0,0,0,0,0,0,0,0,0,0,0,,,,0,,0,,,,,,0,,,,0,0,,0,0,0,,,,,,"Ten aanzien van dit verbod geldt dat de 1,5 meter in de publieke ruimte gehandhaafd wordt vanaf drie personen."
NL10124,NLD100122,01-Jun-20,,NLD,0,,,aanwijzing maatregelen COVID 19 vanaf 1 juni,"B.
The prohibition on gatherings in the instruction of April 24, part I, part 2, will read as follows:

2. Gatherings of more than thirty persons, excluding staff, in buildings open to the public and associated yards and in enclosed places, with the exception of houses, are prohibited.",,,,,0,,,0,,,,0,,,,,,,,,,,,,0,,,,,,,,,0,,,,,,,,,,,,,0,,,-1,,,,,,,,,,,,,,,,0,,,,,,,0,,,,,,,,,,0,0,0,0,0,0,0,0,0,0,0,,,,0,,0,,,,,,0,,,,0,0,,0,0,0,,,,,,"B Het verbod op samenkomsten in de aanwijzing van 24 april, deel I onderdeel 2, komt als volgt te luiden:

2. Samenkomsten van meer dan dertig personen, exclusief personeel, in voor publiek openstaande gebouwen en daarbij behorende erven en in besloten plaatsen, met uitzondering van woningen, zijn verboden."
NL10124,NLD100123,01-Jun-20,,NLD,0,,,aanwijzing maatregelen COVID 19 vanaf 1 juni,"For meetings of up to thirty people, the parties involved must always keep 1.5 meters away from the nearest person.",,,,,0,,,0,,,,0,,,,,,,,,,,,,0,,,,,,,,,0,1,,,,,,,,,,,,0,,,,,,,,,,,,,,,,,,,0,,,,,,,0,,,,,,,,,,0,0,0,0,0,0,0,0,0,0,0,,,,0,,0,,,,,,0,,,,0,0,,0,0,0,,,,,,"Voor samenkomsten tot en met dertig personen geldt dat betrokkenen te allen tijde 1,5 meter afstand moeten houden tot de dichtstbijzijnde persoon."
NL10124,NLD100124,01-Jun-20,,NLD,0,,,aanwijzing maatregelen COVID 19 vanaf 1 juni,"The following exceptions to this ban on gatherings apply, provided that those involved keep 1.5 meters away from the nearest person at all times:",,,,,0,,,0,,,,0,,,,,,,,,,,,,0,,,,,,,,,0,1,,,,,,,,,,,,0,,,,,,,,,,,,,,,,,,,0,,,,,,,0,,,,,,,,,,0,0,0,0,0,0,0,0,0,0,0,,,,0,,0,,,,,,0,,,,0,0,,0,0,0,,,,,,"De volgende uitzonderingen op dit verbod op samenkomsten gelden, mits betrokkenen te allen tijde 1,5 meter afstand houden tot de dichtstbijzijnde  persoon:"
NL10124,NLD100125,01-Jun-20,,NLD,0,,,aanwijzing maatregelen COVID 19 vanaf 1 juni,"a. legally required meetings, such as meetings of municipal councils, provided that no more than 100 persons are present, as well as meetings of the States General;",,,,,0,,,0,,,,0,,,,,,,,,,,,,0,,,,,,,,,0,,,,,,,,,,,,,0,,,,,,,,,,,,,,,,,,,0,,,,,,,0,,,,,,,,,,0,0,0,0,0,0,0,0,0,0,0,,,,0,,0,,,,,,0,,,,0,0,,0,0,0,,,,,,"a. wettelijk verplichte samenkomsten, zoals vergaderingen van gemeenteraden, mits daarbij niet meer dan 100 personen aanwezig zijn, alsook vergaderingen van de Staten-Generaal;"
NL10124,NLD100126,01-Jun-20,,NLD,0,,,aanwijzing maatregelen COVID 19 vanaf 1 juni,"b. meetings that are necessary for the continuation of the day-to-day activities of institutions, companies and other organizations, including the organization of state exams, provided that no more than 100 people are present.",,,,,0,,,0,,,,0,,,,,,,,,,,,,0,,,,,,,,,0,,,,,,,,,,,,,0,,,,,,,,,,,,,,,,,,,0,,,,,,,0,,,,,,,,,,0,0,0,0,0,0,0,0,0,0,0,,,,0,,0,,,,,,0,,,,0,0,,0,0,0,,,,,,"b. samenkomsten die noodzakelijk zijn voor de continuering van de dagelijkse werkzaamheden van instellingen, bedrijven en andere organisaties, waaronder begrepen de organisatie van staatsexamens, mits daarbij niet meer dan 100 personen aanwezig zijn."
NL10124,NLD100127,01-Jun-20,,NLD,0,,,aanwijzing maatregelen COVID 19 vanaf 1 juni,"For shops, markets, libraries, amusement parks, zoos, museums and presentation institutions, an exception can be made from the ban on gatherings, provided that visitors and employees keep 1.5 meters away from the nearest person at all times.",,,,,0,,,0,,,,0,,,,,,,,,,,,,0,,,,,,,,,0,,,,,,,,,,,,,0,,,,,,,,,,,,,,,,,,,0,,,,,,,0,,,,,,,,,,0,0,0,0,0,0,0,0,0,0,0,,,,0,,0,,,,,,0,,,,0,0,,0,0,0,,,,,,"Voor winkels, markten, bibliotheken, pretparken, dierentuinen, musea en presentatie-instellingen kan een uitzondering worden gemaakt van het verbod op samenkomsten mits bezoekers en werknemers te allen tijde 1,5 meter afstand houden tot de dichtstbijzijnde persoon."
NL10124,NLD100128,01-Jun-20,,NLD,0,,,aanwijzing maatregelen COVID 19 vanaf 1 juni,"The managers of these locations are responsible for making plans with which they ensure, among other things, that the 1.5 meters distance is maintained and that the burden on the mobility system and in particular public transport remains acceptable.",,,,,0,,,0,,,,0,,,,,,,,,,,,,0,,,,,,,,,0,,,,,,,,,,,,,0,,,,,,,,,,,,,,,,,,,0,,,,,,,0,,,,,,,,,,0,0,0,0,0,0,0,0,0,0,0,,,,0,,0,,,,,,0,,,,0,0,,0,0,0,,,,,,"De beheerders van deze locaties zijn ervoor verantwoordelijk plannen te maken waarmee ze er onder andere voor zorgen dat de 1,5 meter afstand bewaard blijft en de belasting voor het mobiliteitssysteem en in het bijzonder het openbaar vervoer acceptabel blijft."
NL10124,NLD100129,01-Jun-20,,NLD,0,,,aanwijzing maatregelen COVID 19 vanaf 1 juni,"In the follow-up of this assignment, you have the option to close these locations or keep them closed if you are of the opinion that the measure to keep 1.5 meters away is (expected) not being properly complied with or cannot be properly complied with or that you expect or notice problems with the use of the mobility system and in particular public transport.",,,,,0,,,0,,,,0,,,,,,,,,,,,,0,,,,,,,,,0,,,,,,,,,,,,,0,,,,,,,,,,,,,,,,,,,0,,,,,,,0,,,,,,,,,,0,0,0,0,0,0,0,0,0,0,0,,,,0,,0,,,,,,0,,,,0,0,,0,0,0,,,,,,"In de opvolging van deze opdracht heeft u de mogelijkheid om deze locaties te sluiten of gesloten te houden indien u van oordeel bent dat de maatregel om 1,5 meter afstand te houden (naar verwachting) niet goed wordt nageleefd of niet goed na te leven is of dat u problemen verwacht dan wel constateert met het gebruik van het mobiliteitssysteem en in het bijzonder het openbaar vervoer."
NL10124,NLD100130,01-Jun-20,,NLD,0,,,aanwijzing maatregelen COVID 19 vanaf 1 juni,"C. Where reasonably necessary, vulnerable young people (13-18) among themselves and vulnerable young people with youth professionals may deviate from the 1.5 meter measure in youth aid.",,,,,0,,,0,,,,0,,,,,,,,,,,,,0,,,,,,,,,0,-1,,,,,,,,,,,,0,,,,,,,,,,,,,,,,,,,0,,,,,,,0,,,,,,,,,,0,0,0,0,0,0,0,0,0,0,0,,,,0,,0,,,,,,0,,,,0,0,,0,0,0,,,,,,"C Waar dat redelijkerwijs nodig is, mogen kwetsbare jongeren (13-18) onderling en kwetsbare jongeren met jeugdprofessionals afwijken van de 1,5 meter maatregel in de jeugdhulp."
NL10124,NLD100131,01-Jun-20,,NLD,0,,,aanwijzing maatregelen COVID 19 vanaf 1 juni,"This includes activities in the context of daytime activities, day care, day treatment and special secondary education including transport.",,,,,0,,,0,,,,0,,,,,,,,,,,,,0,,,,,,,,,0,,,,,,,,,,,,,0,,,,,,,,,,,,,,,,,,,0,,,,,,,0,,,,,,,,,,0,0,0,0,0,0,0,0,0,0,0,,,,0,,0,,,,,,0,,,,0,0,,0,0,0,,,,,,"Hierbij gaat het om o.a. activiteiten in het kader van dagbesteding, dagopvang, dagbehandeling en voortgezet speciaal onderwijs inclusief vervoer."
NL10124,NLD100132,01-Jun-20,,NLD,0,,,aanwijzing maatregelen COVID 19 vanaf 1 juni,Food and beverage outlets,,,,,0,,,0,,,,0,,,,,,,,,,,,,0,,,,,,,,,0,,,,,,,,,,,,,0,,,,,,,,,,,,,,,,,,,0,,,,,,,0,,,,,,,,,,0,0,0,0,0,0,0,0,0,0,0,,,,0,,0,,,,,,0,,,,0,0,,0,0,0,,,,,,Eet- en drinkgelegenheden
NL10124,NLD100133,01-Jun-20,,NLD,0,,,aanwijzing maatregelen COVID 19 vanaf 1 juni,"By way of derogation from part II, part 1 of the designation of 24 April 2020, food and beverage outlets, including terraces, may reopen to guests from 1 June from 12:00 noon under certain conditions.",,,,,0,,,0,,,,0,,,,,,,,,,,,,0,,,,,,,,,0,,,,,,,,,,,,,0,-1,,,,,,,,,,,,,,,,,,0,,,,,,,0,,,,,,,,,,0,0,0,0,0,0,0,0,0,0,0,,,,0,,0,,,,,,0,,,,0,0,,0,0,0,,,,,,"
In afwijking van deel II, onderdeel 1 van de aanwijzing van 24 april 2020 mogen  eet- en drinkgelegenheden, met inbegrip van terrassen per 1 juni vanaf 12.00 uur onder voorwaarden weer open voor gasten."
NL10124,NLD100134,01-Jun-20,,NLD,0,,,aanwijzing maatregelen COVID 19 vanaf 1 juni,Dance venues remain closed.,,,,,0,,,0,,,,0,,,,,,,,,,,,,0,,,,,,,,,0,,,,,,,,,,,,,0,1,,,,,,,,,,,,,,,,,,0,,,,,,,0,,,,,,,,,,0,0,0,0,0,0,0,0,0,0,0,,,,0,,0,,,,,,0,,,,0,0,,0,0,0,,,,,,Dansgelegenheden blijven gesloten.
NL10124,NLD100135,01-Jun-20,,NLD,0,,,aanwijzing maatregelen COVID 19 vanaf 1 juni,"A food and drink facility that also has a dance floor may remain open, provided the dance floor is closed.",,,,,0,,,0,,,,0,,,,,,,,,,,,,0,,,,,,,,,0,,,,,,,,,,,,,0,-1,,,,,,,,,,,,,,,,,,0,,,,,,,0,,,,,,,,,,0,0,0,0,0,0,0,0,0,0,0,,,,0,,0,,,,,,0,,,,0,0,,0,0,0,,,,,,"Een eet- en drinkgelegenheid waar ook een dansvloer is, mag openblijven mits de dansvloer is gesloten."
NL10124,NLD100136,01-Jun-20,,NLD,0,,,aanwijzing maatregelen COVID 19 vanaf 1 juni,"
A maximum of 30 guests per building may be present in the indoor area of food and beverage outlets.",,,,,0,,,0,,,,0,,,,,,,,,,,,,0,,,,,,,,,0,,,,,,,,,,,,,0,,,,,,,,,,,,,,,,,,,0,,,,,,,0,,,,,,,,,,0,0,0,0,0,0,0,0,0,0,0,,,,0,,0,,,,,,0,,,,0,0,,0,0,0,,,,,,In de binnenruimte van eet- en drinkgelegenheden mogen maximaal 30 gasten per gebouw aanwezig zijn.
NL10124,NLD100137,01-Jun-20,,NLD,0,,,aanwijzing maatregelen COVID 19 vanaf 1 juni,"Within these venues, those present must keep 1.5 meters away, with the exception of persons who form a joint household.",,,,,0,,,0,,,,0,,,,,,,,,,,,,0,,,,,,,,,0,1,,,,,,,,,,,,0,,,,,,,,,,,,,,,,,,,0,,,,,,,0,,,,,,,,,,0,0,0,0,0,0,0,0,0,0,0,,,,0,,0,,,,,,0,,,,0,0,,0,0,0,,,,,,"Binnen deze gelegenheden moeten de aanwezigen 1,5 meter afstand houden, met uitzondering van personen die een gezamenlijk huishouden vormen."
NL10124,NLD100138,01-Jun-20,,NLD,0,,,,The 1.5 m is maintained from 3 people.,aanwijzing maatregelen COVID 19 vanaf 1 juni,,,,0,,,0,,,,0,,,,,,,,,,,,,0,,,,,,,,,0,,,,,,,,,,,,,0,,,,,,,,,,,,,,,,,,,0,,,,,,,0,,,,,,,,,,0,0,0,0,0,0,0,0,0,0,0,,,,0,,0,,,,,,0,,,,0,0,,0,0,0,,,,,,"Hierbij geldt dat de 1,5 m gehandhaafd wordt vanaf 3 personen."
NL10124,NLD100139,01-Jun-20,,NLD,0,,,aanwijzing maatregelen COVID 19 vanaf 1 juni,All guests must use a seat at a table or bar.,,,,,0,,,0,,,,0,,,,,,,,,,,,,0,,,,,,,,,0,,,,,,,,,,,,,0,,,,,,,,,,,,,,,,,,,0,,,,,,,0,,,,,,,,,,0,0,0,0,0,0,0,0,0,0,0,,,,0,,0,,,,,,0,,,,0,0,,0,0,0,,,,,,Alle gasten moeten gebruik maken van een zitplaats aan een tafel of bar.
NL10124,NLD100140,01-Jun-20,,NLD,0,,,aanwijzing maatregelen COVID 19 vanaf 1 juni,Guests must book in advance.,,,,,0,,,0,,,,0,,,,,,,,,,,,,0,,,,,,,,,0,,,,,,,,,,,,,0,,,,,,,,,,,,,,,,,,,0,,,,,,,0,,,,,,,,,,0,0,0,0,0,0,0,0,0,0,0,,,,0,,0,,,,,,0,,,,0,0,,0,0,0,,,,,,Gasten dienen vooraf te reserveren.
NL10124,NLD100141,01-Jun-20,,NLD,0,,,aanwijzing maatregelen COVID 19 vanaf 1 juni,Guests must book in advance.,,,,,0,,,0,,,,0,,,,,,,,,,,,,0,,,,,,,,,0,,,,,,,,,,,,,0,,,,,,,,,,,,,,,,,,,0,,,,,,,0,,,,,,,,,,0,0,0,0,0,0,0,0,0,0,0,,,,0,,0,,,,,,0,,,,0,0,,0,0,0,,,,,,Gasten dienen vooraf te reserveren.
NL10124,NLD100142,01-Jun-20,,NLD,0,,,aanwijzing maatregelen COVID 19 vanaf 1 juni,"The operator or manager is primarily responsible for compliance with the 1.5 meter and other regulations, as well as for checking them.",,,,,0,,,0,,,,0,,,,,,,,,,,,,0,,,,,,,,,0,,,,,,,,,,,,,0,,,,,,,,,,,,,,,,,,,0,,,,,,,0,,,,,,,,,,0,0,0,0,0,0,0,0,0,0,0,,,,0,,0,,,,,,0,,,,0,0,,0,0,0,,,,,,"De exploitant of beheerder is primair verantwoordelijk voor de naleving van de 1,5 meter en de overige voorschriften als ook de controle daarop."
NL10124,NLD100143,01-Jun-20,,NLD,0,,,aanwijzing maatregelen COVID 19 vanaf 1 juni,Para-commercial food and beverage outlets that are part of outdoor sports facilities (club canteens) will remain closed.,,,,,0,,,0,,,,0,,,,,,,,,,,,,0,,,,,,,,,0,,,,,,,,,,,,,0,1,,,,,,,,,,,,,,,,,,0,,,,,,,0,,,,,,,,,,0,0,0,0,0,0,0,0,0,0,0,,,,0,,0,,,,,,0,,,,0,0,,0,0,0,,,,,,Paracommerciële eet- en drinkgelegenheden die onderdeel zijn van buitensportaccommodaties (verenigingskantines) blijven gesloten.
NL10124,NLD100144,01-Jun-20,,NLD,0,,,aanwijzing maatregelen COVID 19 vanaf 1 juni,Commercial catering establishments near or on sports facilities may be open to guests under the above conditions.,,,,,0,,,0,,,,0,,,,,,,,,,,,,0,,,,,,,,,0,,,,,,,,,,,,,0,-1,,,,,,,,,,,,,,,,,,0,,,,,,,0,,,,,,,,,,0,0,0,0,0,0,0,0,0,0,0,,,,0,,0,,,,,,0,,,,0,0,,0,0,0,,,,,,Commerciële horecagelegenheden bij of op sportaccommodaties mogen onder bovengenoemde voorwaarden wel open voor gasten.
NL10124,NLD100145,01-Jun-20,,NLD,0,,,aanwijzing maatregelen COVID 19 vanaf 1 juni,"Outdoor terraces may be open provided that guests have a seat at a table and are kept five feet away, with the exception of persons who form a common household.",,,,,0,,,0,,,,0,,,,,,,,,,,,,0,,,,,,,,,0,,,,,,,,,,,,,0,-1,,,,,,,,,,,,,,,,,,0,,,,,,,0,,,,,,,,,,0,0,0,0,0,0,0,0,0,0,0,,,,0,,0,,,,,,0,,,,0,0,,0,0,0,,,,,,"Buitenterrassen mogen open op voorwaarde dat de gasten een zitplaats aan een tafel hebben en anderhalve meter afstand houden, met uitzondering van personen die een gezamenlijk huishouden vormen."
NL10124,NLD100146,01-Jun-20,,NLD,0,,,aanwijzing maatregelen COVID 19 vanaf 1 juni,The 1.5 m is maintained for 3 people.,,,,,0,,,0,,,,0,,,,,,,,,,,,,0,,,,,,,,,0,,,,,,,,,,,,,0,,,,,,,,,,,,,,,,,,,0,,,,,,,0,,,,,,,,,,0,0,0,0,0,0,0,0,0,0,0,,,,0,,0,,,,,,0,,,,0,0,,0,0,0,,,,,,"Hierbij geldt dat de 1,5 m gehandhaafd wordt vanaf 3 personen."
NL10124,NLD100147,01-Jun-20,,NLD,0,,,aanwijzing maatregelen COVID 19 vanaf 1 juni,The terraces must be completely open at the top or completely open on all three sides.,,,,,0,,,0,,,,0,,,,,,,,,,,,,0,,,,,,,,,0,,,,,,,,,,,,,0,,,,,,,,,,,,,,,,,,,0,,,,,,,0,,,,,,,,,,0,0,0,0,0,0,0,0,0,0,0,,,,0,,0,,,,,,0,,,,0,0,,0,0,0,,,,,,"Terrassen dienen aan de bovenzijde volledig open te zijn, dan wel aan de drie zijdes volledig open te zijn."
NL10124,NLD100148,01-Jun-20,,NLD,0,,,aanwijzing maatregelen COVID 19 vanaf 1 juni,"The operator or manager is primarily responsible for compliance with the 1.5 meters and the other regulations, as well as for checking them.",,,,,0,,,0,,,,0,,,,,,,,,,,,,0,,,,,,,,,0,,,,,,,,,,,,,0,,,,,,,,,,,,,,,,,,,0,,,,,,,0,,,,,,,,,,0,0,0,0,0,0,0,0,0,0,0,,,,0,,0,,,,,,0,,,,0,0,,0,0,0,,,,,,"De exploitant of beheerder is primair verantwoordelijk voor de naleving van de 1,5 meter en de overige voorschriften als ook de controle daarop."
NL10124,NLD100149,01-Jun-20,,NLD,0,,,aanwijzing maatregelen COVID 19 vanaf 1 juni,The same rules apply to terraces in covered shopping centers as to the indoor areas of food and beverage outlets.,,,,,0,,,0,,,,0,,,,,,,,,,,,,0,,,,,,,,,0,,,,,,,,,,,,,0,,,,,,,,,,,,,,,,,,,0,,,,,,,0,,,,,,,,,,0,0,0,0,0,0,0,0,0,0,0,,,,0,,0,,,,,,0,,,,0,0,,0,0,0,,,,,,Voor terrassen in overdekte winkelcentra gelden dezelfde regels als voor de binnenruimten van eet- en drinkgelegenheden.
NL10124,NLD100150,01-Jun-20,,NLD,0,,,aanwijzing maatregelen COVID 19 vanaf 1 juni,The operator or manager must arrange the terrace in such a way that guests and staff can always keep a distance of one and a half meters from each other.,,,,,0,,,0,,,,0,,,,,,,,,,,,,0,,,,,,,,,0,,,,,,,,,,,,,0,,,,,,,,,,,,,,,,,,,0,,,,,,,0,,,,,,,,,,0,0,0,0,0,0,0,0,0,0,0,,,,0,,0,,,,,,0,,,,0,0,,0,0,0,,,,,,De exploitant of beheerder dient het terras zo in te richten dat gasten en personeel altijd anderhalve meter afstand kunnen houden tot elkaar.
NL10124,NLD100151,01-Jun-20,,NLD,0,,,aanwijzing maatregelen COVID 19 vanaf 1 juni,"In the case of adjacent terraces, the managers of these terraces jointly ensure that one and a half meters are observed.",,,,,0,,,0,,,,0,,,,,,,,,,,,,0,,,,,,,,,0,,,,,,,,,,,,,0,,,,,,,,,,,,,,,,,,,0,,,,,,,0,,,,,,,,,,0,0,0,0,0,0,0,0,0,0,0,,,,0,,0,,,,,,0,,,,0,0,,0,0,0,,,,,,Bij aanpalende terrassen zorgen de beheerders van deze terrassen gezamenlijk voor het in acht kunnen nemen van de anderhalve meter.
NL10124,NLD100152,01-Jun-20,,NLD,0,,,aanwijzing maatregelen COVID 19 vanaf 1 juni,From operators or Terrace managers are expected to regulate the influx on the terrace and also prevent clustering of waiting or departing guests outside the terrace.,,,,,0,,,0,,,,0,,,,,,,,,,,,,0,,,,,,,,,0,,,,,,,,,,,,,0,,,,,,,,,,,,,,,,,,,0,,,,,,,0,,,,,,,,,,0,0,0,0,0,0,0,0,0,0,0,,,,0,,0,,,,,,0,,,,0,0,,0,0,0,,,,,,Van exploitanten of beheerders van een terras wordt verwacht dat zij zorg dragen voor het reguleren van de toestroom op het terras en daarbij ook clustering van wachtende of vertrekkende gasten buiten het terras voorkomen.
NL10124,NLD100153,01-Jun-20,,NLD,0,,,aanwijzing maatregelen COVID 19 vanaf 1 juni,"Food and beverage outlets that are part of establishments that are still closed will remain closed, unless this instruction dictates otherwise.",,,,,0,,,0,,,,0,,,,,,,,,,,,,0,,,,,,,,,0,,,,,,,,,,,,,0,1,,,,,,,,,,,,,,,,,,0,,,,,,,0,,,,,,,,,,0,0,0,0,0,0,0,0,0,0,0,,,,0,,0,,,,,,0,,,,0,0,,0,0,0,,,,,,"Eet- en drinkgelegenheden die onderdeel zijn van inrichtingen die nog zijn gesloten, blijven gesloten, tenzij uit deze aanwijzing anders voortvloeit."
NL10124,NLD100154,01-Jun-20,,NLD,0,,,aanwijzing maatregelen COVID 19 vanaf 1 juni,The chairman of the security region ensures that municipalities draw up an area approach for catering concentration areas to prevent great crowds and influx in these areas.,,,,,0,,,0,,,,0,,,,,,,,,,,,,0,,,,,,,,,0,,,,,,,,,,,,,0,,,,,,,,,,,,,,,,,,,0,,,,,,,0,,,,,,,,,,0,0,0,0,0,0,0,0,0,0,0,,,,0,,0,,,,,,0,,,,0,0,,0,0,0,,,,,,De voorzitter van de veiligheidsregio draagt er zorg voor dat gemeenten een gebiedsaanpak opstellen voor horeca concentratiegebieden ter voorkoming van grote drukte en toestroom in deze gebieden.
NL10124,NLD100155,01-Jun-20,,NLD,0,,,aanwijzing maatregelen COVID 19 vanaf 1 juni,Cinemas and cultural institutions.,,,,,0,,,0,,,,0,,,,,,,,,,,,,0,,,,,,,,,0,,,,,,,,,,,,,0,,,,,,,,,,,,,,,,,,,0,,,,,,,0,,,,,,,,,,0,0,0,0,0,0,0,0,0,0,0,,,,0,,0,,,,,,0,,,,0,0,,0,0,0,,,,,,Bioscopen en culturele instellingen.
NL10124,NLD100156,01-Jun-20,,NLD,0,,,aanwijzing maatregelen COVID 19 vanaf 1 juni,"By way of derogation from part I, parts 1 and 2, of the designation of 24 April 2020, cinemas, cinemas, concert halls, stages for all genres of music, theaters and similar cultural institutions may organize activities aimed at the public from 1 June at 12:00 noon.",,,,,0,,,0,,,,0,,,,,,,,,,,,,0,,,,,,,,,0,,,,,,,,,,,,,0,1,,,,,,,,,,,,,,,,,,0,,,,,,,0,,,,,,,,,,0,0,0,0,0,0,0,0,0,0,0,,,,0,,0,,,,,,0,,,,0,0,,0,0,0,,,,,,"In afwijking van deel I, onderdeel 1 en 2, van de aanwijzing van 24 april 2020 mogen bioscopen, filmhuizen, concertzalen, podia voor alle genres van muziek, theaters en hiermee vergelijkbare culturele instellingen vanaf 1 juni 12.00 uur op publiekgerichte activiteiten organiseren."
NL10124,NLD100157,01-Jun-20,,NLD,0,,,aanwijzing maatregelen COVID 19 vanaf 1 juni,A maximum of 30 visitors may be present at the same time per individual room within these institutions.,,,,,0,,,0,,,,0,,,,,,,,,,,,,0,,,,,,,,,0,,,,,,,,,,,,,0,,,,,,,,,,,,,,,,,,,0,,,,,,,0,,,,,,,,,,0,0,0,0,0,0,0,0,0,0,0,,,,0,,0,,,,,,0,,,,0,0,,0,0,0,,,,,,Per afzonderlijke ruimte binnen deze instellingen mogen maximaal 30 bezoekers tegelijkertijd aanwezig zijn.
NL10124,NLD100158,01-Jun-20,,NLD,0,,,aanwijzing maatregelen COVID 19 vanaf 1 juni,A visibly separated stage is considered a separate space.,,,,,0,,,0,,,,0,,,,,,,,,,,,,0,,,,,,,,,0,,,,,,,,,,,,,0,,,,,,,,,,,,,,,,,,,0,,,,,,,0,,,,,,,,,,0,0,0,0,0,0,0,0,0,0,0,,,,0,,0,,,,,,0,,,,0,0,,0,0,0,,,,,,Een zichtbaar gescheiden podium wordt als een afzonderlijke ruimte beschouwd.
NL10124,NLD100159,01-Jun-20,,NLD,0,,,aanwijzing maatregelen COVID 19 vanaf 1 juni,"All those present must keep a distance of 1.5 meters from each other, with the exception of persons who form a joint household.",,,,,0,,,0,,,,0,,,,,,,,,,,,,0,,,,,,,,,0,,,,,,,,,,,,,0,,,,,,,,,,,,,,,,,,,0,,,,,,,0,,,,,,,,,,0,0,0,0,0,0,0,0,0,0,0,,,,0,,0,,,,,,0,,,,0,0,,0,0,0,,,,,,"Alle aanwezigen dienen onderling 1.5 meter afstand te houden, met uitzondering van personen die een gezamenlijk huishouden vormen."
NL10124,NLD100160,01-Jun-20,,NLD,0,,,aanwijzing maatregelen COVID 19 vanaf 1 juni,Visitors must book in advance.,,,,,0,,,0,,,,0,,,,,,,,,,,,,0,,,,,,,,,0,,,,,,,,,,,,,0,,,,,,,,,,,,,,,,,,,0,,,,,,,0,,,,,,,,,,0,0,0,0,0,0,0,0,0,0,0,,,,0,,0,,,,,,0,,,,0,0,,0,0,0,,,,,,Bezoekers moeten vooraf reserveren.
NL10124,NLD100161,01-Jun-20,,NLD,0,,,aanwijzing maatregelen COVID 19 vanaf 1 juni,"Museums, presentation institutions and monuments.",,,,,0,,,0,,,,0,,,,,,,,,,,,,0,,,,,,,,,0,,,,,,,,,,,,,0,,,,,,,,,,,,,,,,,,,0,,,,,,,0,,,,,,,,,,0,0,0,0,0,0,0,0,0,0,0,,,,0,,0,,,,,,0,,,,0,0,,0,0,0,,,,,,"Musea, presentatie-instellingen en monumenten."
NL10124,NLD100162,01-Jun-20,,NLD,0,,,aanwijzing maatregelen COVID 19 vanaf 1 juni,"Museums, presentation institutions and monuments with a public function may also reopen to visitors from 1 June, 12 noon.",,,,,0,,,0,,,,0,,,,,,,,,,,,,0,,,,,,,,,0,,,,,,,,,,,,,0,1,,,,,,,,,,,,,,,,,,0,,,,,,,0,,,,,,,,,,0,0,0,0,0,0,0,0,0,0,0,,,,0,,0,,,,,,0,,,,0,0,,0,0,0,,,,,,"Musea, presentatie-instellingen en monumenten met een publieksfunctie mogen  per 1 juni, 12.00 uur ook weer open voor bezoekers."
NL10124,NLD100163,01-Jun-20,,NLD,0,,,aanwijzing maatregelen COVID 19 vanaf 1 juni,Visitors must book in advance per time slot.,,,,,0,,,0,,,,0,,,,,,,,,,,,,0,,,,,,,,,0,,,,,,,,,,,,,0,,,,,,,,,,,,,,,,,,,0,,,,,,,0,,,,,,,,,,0,0,0,0,0,0,0,0,0,0,0,,,,0,,0,,,,,,0,,,,0,0,,0,0,0,,,,,,Bezoekers dienen vooraf per tijdvak te reserveren.
NL10124,NLD100164,01-Jun-20,,NLD,0,,,aanwijzing maatregelen COVID 19 vanaf 1 juni,"The institutions must organize the admission and residence times and the layout of the institution in such a way that visitors can always keep 1.5 meters away, with the exception of persons who form a joint household.",,,,,0,,,0,,,,0,,,,,,,,,,,,,0,,,,,,,,,0,,,,,,,,,,,,,0,,,,,,,,,,,,,,,,,,,0,,,,,,,0,,,,,,,,,,0,0,0,0,0,0,0,0,0,0,0,,,,0,,0,,,,,,0,,,,0,0,,0,0,0,,,,,,"De instellingen dienen de toegangs- en verblijfstijden en de inrichting van de instelling zodanig te organiseren dat bezoekers steeds 1,5 meter afstand kunnen houden, met uitzondering van personen die een gezamenlijk huishouden vormen."
NL10124,NLD100165,01-Jun-20,,NLD,0,,,aanwijzing maatregelen COVID 19 vanaf 1 juni,"The provision in II, part 4 of the designation of 24 April will read as follows:",,,,,0,,,0,,,,0,,,,,,,,,,,,,0,,,,,,,,,0,,,,,,,,,,,,,0,,,,,,,,,,,,,,,,,,,0,,,,,,,0,,,,,,,,,,0,0,0,0,0,0,0,0,0,0,0,,,,0,,0,,,,,,0,,,,0,0,,0,0,0,,,,,,"De bepaling in II, onderdeel 4 van de aanwijzing van 24 april komt als volgt te luiden:"
NL10124,NLD100166,01-Jun-20,,NLD,0,,,aanwijzing maatregelen COVID 19 vanaf 1 juni,"4. As of 1 June, travelers from the age of 13 must wear a non-medical mouth nose mask on public transport.",,,,,0,,,0,,,,0,,,,,,,,,,,,,0,,,,,,,,,0,100,,,,,,,,,,,,0,,,,,,,,,,,,,,,,,,,0,,,,,,,0,,,,,,,,,,0,0,0,0,0,0,0,0,0,0,0,,,,0,,0,,,,,,0,,,,0,0,,0,0,0,,,,,,4. In het openbaar vervoer is per 1 juni voor reizigers vanaf 13 jaar het dragen van een niet-medisch mondneuskapje verplicht.
NL10124,NLD100167,01-Jun-20,,NLD,0,,,aanwijzing maatregelen COVID 19 vanaf 1 juni,"In practice, enforcement takes place by the transporters designated as supervisors and other supervisors designated under the 2000 Passenger Transport Act.",,,,,0,,,0,,,,0,,,,,,,,,,,,,0,,,,,,,,,0,,,,,,,,,,,,,0,,,,,,,,,,,,,,,,,,,0,,,,,,,0,,,,,,,,,,0,0,0,0,0,0,0,0,0,0,0,,,,0,,0,,,,,,0,,,,0,0,,0,0,0,,,,,,Handhaving vindt in de praktijk plaats door de vervoerders als toezichthouders aangewezen personen en andere op grond van de Wet Personenvervoer 2000 aangewezen toezichthouders.
NL10124,NLD100168,01-Jun-20,,NLD,0,,,aanwijzing maatregelen COVID 19 vanaf 1 juni,"Termination or limitation of facilities for public transport, in consultation with the transporter, if they do not or insufficiently adhere to the realization of the restrictive measures with regard to wearing a mouth nose mask and keeping a distance of 1.5 meters as much as possible between all persons present in the facility, or to make them sufficiently visible, provided that the termination of this facility does not unnecessarily impede the transport of persons working in vital processes or transport that is otherwise necessary for the mobility of the Netherlands.",,,,,0,,,0,,,,0,,,,,,,,,,,,,0,,,,,,,,,0,,,,,,,,,,,,,0,,,,,,,,,,,,,1,,1,,,,0,,,,,,,0,,,,,,,,,,0,0,0,0,0,0,0,0,0,0,0,,,,0,,0,,,,,,0,,,,0,0,,0,0,0,,,,,,"Beëindigen of beperken van voorzieningen voor openbaar vervoer, in overleg met de vervoerder, indien deze zich niet of onvoldoende mate houden aan de verwezenlijking van de beperkende maatregelen met betrekking tot het dragen van een mondneuskapje en het zo veel mogelijk houden van 1,5 meter afstand tussen alle in de voorziening aanwezige personen, of aan het op adequate wijze zichtbaar duidelijk maken daarvan, mits de beëindiging van deze voorziening het transport van personen die werkzaam zijn in vitale processen of transport dat anderszins noodzakelijk is voor de mobiliteit van Nederland niet onnodig belemmert."
NL10125,NLD100169,02-Jun-20,,NLD,0,,,aanwijzing maatregelen COVID 19 vanaf 1 juni,The ban on offering educational activities in educational institutions will be lifted for secondary education from 2 June.,,,,,0,,,0,,,,0,,,,,,,,,,,,,0,,,,,,,,,0,,,,,,,,,,,,,0,,,,,,777,,,,,,,,,,,,,0,,,,,,,0,,,,,,,,,,0,0,0,0,0,0,0,0,0,0,0,,,,0,,0,,,,,,0,,,,0,0,,0,0,0,,,,,,"Het verbod op het bieden van onderwijsactiviteiten in onderwijsinstellingen wordt, voor het voortgezet onderwijs, opgeheven vanaf 2 juni."
NL10125,NLD100170,02-Jun-20,,NLD,0,,,aanwijzing maatregelen COVID 19 vanaf 1 juni,Education will be restarted step by step.,,,,,0,,,0,,,,0,,,,,,,,,,,,,0,,,,,,,,,0,,,,,,,,,,,,,0,,,,,,777,,,,,,,,,,,,,0,,,,,,,0,,,,,,,,,,0,0,0,0,0,0,0,0,0,0,0,,,,0,,0,,,,,,0,,,,0,0,,0,0,0,,,,,,Het onderwijs wordt stapsgewijs weer opgestart.
NL10125,NLD100171,02-Jun-20,,NLD,0,,,aanwijzing maatregelen COVID 19 vanaf 1 juni,Schools for special secondary education and others can open completely again.,,,,,0,,,0,,,,0,,,,,,,,,,,,,0,,,,,,,,,0,,,,,,,,,,,,,0,,,,,,777,,,,,,,,,,,,,0,,,,,,,0,,,,,,,,,,0,0,0,0,0,0,0,0,0,0,0,,,,0,,0,,,,,,0,,,,0,0,,0,0,0,,,,,,Scholen voor voortgezet speciaal onderwijs c.a. kunnen weer geheel open.
NL10125,NLD100172,02-Jun-20,,NLD,0,,,aanwijzing maatregelen COVID 19 vanaf 1 juni,"The aforementioned educational institutions must take careful measures to limit the risk of contamination, including keeping a distance of 1.5 meters between all persons present in these institutions (as much as possible for secondary special education in special circumstances.",,,,,0,,,0,,,,0,,,,,,,,,,,,,0,,,,,,,,,0,1,,,,,,,,,,,,0,,,,,,,,,,,,,,,,,,,0,,,,,,,0,,,,,,,,,,0,0,0,0,0,0,0,0,0,0,0,,,,0,,0,,,,,,0,,,,0,0,,0,0,0,,,,,,"Hierbij moeten door de genoemde onderwijsinstellingen zorgvuldige maatregelen genomen worden om het risico van besmetting te beperken, waaronder 1,5 meter afstand houden tussen alle aanwezige personen in deze instellingen (voor het voortgezet speciaal onderwijs in bijzondere omstandigheden zo veel als mogelijk."
NL10125,NLD100173,02-Jun-20,,NLD,0,,,aanwijzing maatregelen COVID 19 vanaf 1 juni,In addition they should ask students to avoid public transport.,,,,,0,,,0,,,,0,,,,,,,,,,,,,0,,,,,,,,,0,,,,,,,,,,,,,0,,,,,,,,,,,,,,,,,,,0,,,,,,,0,,,,,,,,,,0,0,0,0,0,0,0,0,0,0,0,,,,0,,0,,,,,,0,,,,0,0,,0,0,0,,,,,,Daarnaast moeten zij aan leerlingen vragen het openbaar vervoer te mijden.
NL10131,NLD100174,08-Jun-20,,NLD,0,,,aanwijzing maatregelen COVID 19 vanaf 1 juni,"Primary education will be fully resumed from 8 June, unless it appears before the spread of the virus is not justified.",,,,,0,,,0,,,,0,,,,,,,,,,,,,0,,,,,,,,,0,,,,,,,,,,,,,0,,,,,777,,,,,,,,,,,,,,0,,,,,,,0,,,,,,,,,,0,0,0,0,0,0,0,0,0,0,0,,,,0,,0,,,,,,0,,,,0,0,,0,0,0,,,,,,"Vanaf 8 juni wordt, het basisonderwijs volledig hervat, tenzij hiervoor blijkt dat dit i.v.m. de verspreiding van het virus niet verantwoord is."
NL10131,NLD100175,08-Jun-20,,NLD,0,,,aanwijzing maatregelen COVID 19 vanaf 1 juni,The partial ban on opening child and out-of-school care will also lapse.,,,,,0,,,0,,,,0,,,,,,,,,,,,,0,,,,,,,,,0,,,,,,,,,,,,,0,,,,777,,,,,,,,,,,,,,,0,,,,,,,0,,,,,,,,,,0,0,0,0,0,0,0,0,0,0,0,,,,0,,0,,,,,,0,,,,0,0,,0,0,0,,,,,,Het gedeeltelijk verbod op de openstelling van kinder- en buitenschoolse opvang komt eveneens te vervallen.
NL10138,NLD100176,15-Jun-20,,NLD,0,,,aanwijzing maatregelen COVID 19 vanaf 1 juni,"The prohibition on offering educational activities in educational institutions in secondary vocational education and higher education will be lifted as of 15 June for holding exams, exams, tests, practical (specific) education and supervision of vulnerable students at the educational institution, insofar as this is online. Cannot be sufficient.",,,,,0,,,0,,,,0,,,,,,,,,,,,,0,,,,,,,,,0,,,,,,,,,,,,,0,,,,,,,-1,,,,,,,,,,,,0,,,,,,,0,,,,,,,,,,0,0,0,0,0,0,0,0,0,0,0,,,,0,,0,,,,,,0,,,,0,0,,0,0,0,,,,,,"Het verbod op het bieden van onderwijsactiviteiten in onderwijsinstellingen in het middelbaar beroepsonderwijs en het hoger onderwijs wordt per 15 juni opgeheven voor het houden van examens, tentamens, toetsen, praktijk(gericht)onderwijs en begeleiding van kwetsbare studenten op de onderwijsinstelling, voor zover dit online niet afdoende kan."
NL10138,NLD100177,15-Jun-20,,NLD,0,,,aanwijzing maatregelen COVID 19 vanaf 1 juni,"A condition for this is that the institutions take careful measures to limit the risk of contamination, including keeping a distance of 1.5 meters between all persons present in these institutions and that students are asked to avoid public transport as much as possible.",,,,,0,,,0,,,,0,,,,,,,,,,,,,0,,,,,,,,,0,,,,,,,,,,,,,0,,,,,,,,,,,,,,,,,,,0,,,,,,,0,,,,,,,,,,0,0,0,0,0,0,0,0,0,0,0,,,,0,,0,,,,,,0,,,,0,0,,0,0,0,,,,,,"Voorwaarde hiervoor is dat de instellingen zorgvuldige maatregelen nemen om het risico op besmetting te beperken waaronder het houden van 1,5 meter afstand tussen alle in deze instellingen aanwezige personen en dat van studenten wordt gevraagd het openbaar vervoer zoveel mogelijk te mijden."
NL10138,NLD100178,15-Jun-20,,NLD,0,,,aanwijzing maatregelen COVID 19 vanaf 1 juni,The institutions must make agreements with relevant parties about mobility and the use of public transport.,,,,,0,,,0,,,,0,,,,,,,,,,,,,0,,,,,,,,,0,,,,,,,,,,,,,0,,,,,,,,,,,,,,,,,,,0,,,,,,,0,,,,,,,,,,0,0,0,0,0,0,0,0,0,0,0,,,,0,,0,,,,,,0,,,,0,0,,0,0,0,,,,,,De instellingen dienen met relevante partijen afspraken te maken over mobiliteit en het gebruik van het openbaar vervoer.
