ID,DOCID,SENID,DOCDATE,COUNTRYNAME,COUNTRYACR,COUNTRYCODE,REGION,REGION CODE,MUNICIPALITY,IDARTICLE,LEGAL_TEXT_OR,LEGAL TEXT_EN,COMMENT,AUTHORITY,COVERAGE,LEGALFORM,VERIFLEGAL,TARGETEDGROUPS,CONSTRAINTS,ANNOUNCE,TOTALNBFINES,TOTALNBJAIL,TOTALNBRARRTESTS,TYPEVENT1,SUBTYPEVENT101,SUBTYPEVENT102,SUBTYPEVENT103,SUBTYPEVENT104,SUBTYPEVENT105,SUBTYPEVENT106,SUBTYPEVENT107,SUBTYPEVENT108,SUBTYPEVENT109,SUBTYPEVENT110,SUBTYPEVENT111,COMMENT1,TYPEVENT2,SUBTYPEVENT201,SUBTYPEVENT202,SUBTYPEVENT203,SUBTYPEVENT204,SUBTYPEVENT205,SUBTYPEVENT206,SUBTYPEVENT207,COMMENT2,TYPEVENT3,SUBTYPEVENT301,SUBTYPEVENT302,SUBTYPEVENT303,SUBTYPEVENT304,SUBTYPEVENT305,SUBTYPEVENT306,SUBTYPEVENT307,SUBTYPEVENT308,SUBTYPEVENT309,SUBTYPEVENT310,SUBTYPEVENT311,COMMENT3,TYPEVENT4,SUBTYPEVENT401,SUBTYPEVENT421,SUBTYPEVENT402,SUBTYPEVENT403,SUBTYPEVENT404,SUBTYPEVENT405,SUBTYPEVENT406,SUBTYPEVENT407,SUBTYPEVENT427,SUBTYPEVENT408,SUBTYPEVENT409,SUBTYPEVENT410,SUBTYPEVENT411,SUBTYPEVENT412,SUBTYPEVENT413,SUBTYPEVENT414,SUBTYPEVENT415,COMMENT4,TYPEVENT9,SUBTYPEVENT901,SUBTYPEVENT902,SUBTYPEVENT903,SUBTYPEVENT904,SUBTYPEVENT905,COMMENT9,TYPEVENT5,SUBTYPEVENT501,SUBTYPEVENT502,SUBTYPEVENT503,SUBTYPEVENT504,SUBTYPEVENT505,SUBTYPEVENT506,SUBTYPEVENT507,SUBTYPEVENT508,COMMENT5,TYPEVENT6,SUBTYPEVENT601,SUBTYPEVENT602,SUBTYPEVENT603,SUBTYPEVENT604,SUBTYPEVENT605,SUBTYPEVENT606,SUBTYPEVENT607,SUBTYPEVENT608,SUBTYPEVENT609,SUBTYPEVENT610,SUBTYPEVENT611,SUBTYPEVENT612,SUBTYPEVENT613,SUBTYPEVENT614,COMMENT6,TYPEVENT7,SUBTYPEVENT701,SUBTYPEVENT702,SUBTYPEVENT703,SUBTYPEVENT704,SUBTYPEVENT705,SUBTYPEVENT706,SUBTYPEVENT707,SUBTYPEVENT708,SUBTYPEVENT709,SUBTYPEVENT710,SUBTYPEVENT711,COMMENT7,TYPEVENT8,SUBTYPEVENT801,SUBTYPEVENT802,SUBTYPEVENT803,SUBTYPEVENT804,SUBTYPEVENT805,SUBTYPEVENT806,COMMENT8
1,PL100033,POL100001,23-Mar-20,POLAND,POL,0,,,,ROZPORZĄDZENIE M I N I S T R A   ZD R O W I A 1)z dnia 23 marca 2020 r.zmieniające rozporządzenie wsprawie wykazu chorób powodujących powstanie obowiązku hospitalizacji,"wprowadza się następujące zmiany: 1)w §2 pkt3 otrzymuje brzmienie: „3)osoby, uktórych stwierdzono zachorowanie na chorobę wywołaną wirusem SARS-CoV-2(COVID-19) lub po-dejrzenie zachorowania, jeżeli nie zostały przez lekarza skierowane do leczenia lub diagnostyki laboratoryjnej wkierunku  wirusa  SARS-CoV-2  wramach  izolacji  odbywanej  poza  szpitalem,  wtym  izolacji  wwarunkach domowych.”","hall read as follows: ""3) persons diagnosed with a disease caused by SARS virus - CoV-2 (COVID-19) or suspected disease, unless they have been referred by a doctor for treatment or laboratory diagnosis of SARS-CoV-2 virus as part of isolation carried out outside the hospital, including isolation in home conditions. """,,,,,FALSE,,,0,,,,FALSE,,,,,,,,,,,,,TRUE,1,,,,,,,,TRUE,,,1,,,,,,,,1,,FALSE,,,,,,,,,,,,,,,,,,,FALSE,,,,,,,FALSE,,,,,,,,,,FALSE,FALSE,0,FALSE,0,FALSE,0,FALSE,0,FALSE,0,,,,FALSE,,FALSE,,,,,,FALSE,,,,FALSE,FALSE,,FALSE,FALSE,FALSE,,,,,
2,PL100033,POL100002,23-Mar-20,POLAND,POL,0,,,,,"pkt 3, do wskazanego szpitala oraz niezwłocznie informuje ten szpital otym fakcie, chyba że po dokonaniu oce-ny  stanu  klinicznego  tej  osoby  kieruje  ją  do  leczenia  lub  diagnostyki  laboratoryjnej  wkierunku  wirusa SARS-CoV-2 wramach izolacji odbywanej poza szpitalem, wtym izolacji wwarunkach domowych;”","2) in §3, paragraph 1, point b shall read as follows: ""b) item 3, to the indicated hospital and immediately informs the hospital of this fact, unless, after assessing the clinical condition of that person, he / she is referred for SARS virus treatment or laboratory diagnosis - CoV-2 within isolation provided outside the hospital, including isolation in home conditions; ”",,,,,FALSE,,,0,,,,FALSE,,,,,,,,,,,,,FALSE,,,,,,,,,FALSE,,,1,,,,,,,,1,,FALSE,,,,,,,,,,,,,,,,,,,FALSE,,,,,,,FALSE,,,,,,,,,,FALSE,FALSE,0,FALSE,0,FALSE,0,FALSE,0,FALSE,0,,,,FALSE,,FALSE,,,,,,FALSE,,,,FALSE,FALSE,,FALSE,FALSE,FALSE,,,,,
3,PL10035,POL100003,23-Mar-20,POLAND,POL,0,,,,ROZPORZĄDZENIEM I N I S T R A   G O S P O D A R K I  MORSKIEJ I ŻEGLUGI ŚRÓDLĄDOWEJ1)z dnia 23marca 2020r.w sprawie czasowego ograniczenia funkcjonowania uczelni morskich na obszarze RzeczypospolitejPolskiej zpowodu zapobiegania zakażeniu wirusem SARS-CoV-2,ROZPORZĄDZENIE MINISTRA   GOSPODARKI  MORSKIEJ I ŻEGLUGI ŚRÓDLĄDOWEJ z dnia 23 marca 2020r.w sprawie czasowego ograniczenia funkcjonowania uczelni morskich na obszarze Rzeczypospolitej Polskiej zpowodu zapobiegania zakażeniu wirusem SARS-CoV-2,REGULATION OF THE MINISTER OF MARITIME ECONOMY AND INLAND NAVIGATION of 23 March 2020 on the temporary limitation of the functioning of maritime universities in the territory of the Republic of Poland due to the prevention of SARS-CoV-2 virus infection,,,,,FALSE,,,0,,,,FALSE,,,,,,,,,,,,,FALSE,,,,,,,,,FALSE,,,,,,,,,,,,,TRUE,,,,,,,100,,,,,,,,,,,,FALSE,,,,,,,FALSE,,,,,,,,,,FALSE,FALSE,0,FALSE,0,FALSE,0,FALSE,0,FALSE,0,,,,FALSE,,FALSE,,,,,,FALSE,,,,FALSE,FALSE,,FALSE,FALSE,FALSE,,,,,
4,PL10035,POL100004,23-Mar-20,POLAND,POL,0,,,,,§1.1. Wokresie od dnia 26marca 2020r. do dnia 10kwietnia 2020r. na obszarze krajuogranicza się funkcjonowa-nie uczelni nadzorowanych przez ministra właściwego do spraw gospodarki morskiej przez:1)zawieszenie  wykładów  oraz  innych  zajęć  dydaktycznych  organizowanych  przez  Akademię  Morską  wSzczecinie iUniwersytet Morski wGdyni na obszarze Rzeczypospolitej Polskiej;,"§1.1. In the period from March 26, 2020. until April 10, 2020 in the territory of the country, the functioning of universities supervised by the minister responsible for maritime economy is limited by: 1) suspension of lectures and other didactic classes organized by the Maritime University in Szczecin and Gdynia Maritime University in the territory of the Republic of Poland; in their area, except in cases where it is necessary to ensure the continuity of the functioning of these universities.",,,,,FALSE,,,0,,,,FALSE,,,,,,,,,,,,,FALSE,,,,,,,,,FALSE,,,,,,,,,,,,,FALSE,,,,,,,100,,,,,,,,,,,,FALSE,,,,,,,FALSE,,,,,,,,,,FALSE,FALSE,0,FALSE,0,FALSE,0,FALSE,0,FALSE,0,,,,FALSE,,FALSE,,,,,,FALSE,,,,FALSE,FALSE,,FALSE,FALSE,FALSE,,,,,
5,PL10035,POL100005,23-Mar-20,POLAND,POL,0,,,,,"2)ograniczenie obowiązku świadczenia pracy przez pracowników uczelni wymienionych wpkt1na ich terenie, zwyłą-czeniem przypadków, gdy jest to niezbędne do zapewnienia ciągłości funkcjonowania tych uczelni.","2) limitation of the obligation to perform work by employees of universities listed in paragraph 1 in their area, except in cases where it is necessary to ensure the continuity of the operation of these universities.",,,,,FALSE,,,0,,,,FALSE,,,,,,,,,,,,,FALSE,,,,,,,,,FALSE,,,,,,,,,,,,,FALSE,,,,,,,100,,,,,,,,,,,,FALSE,,,,,,,FALSE,,,,,,,,,,FALSE,FALSE,0,FALSE,0,FALSE,0,FALSE,0,FALSE,0,,,,FALSE,,FALSE,,,,,,FALSE,,,,FALSE,FALSE,,FALSE,FALSE,FALSE,,,,,
6,PL10035,POL100006,23-Mar-20,POLAND,POL,0,,,,,"2.Wokresie od dnia 26 marca 2020r. do dnia 10 kwietnia 2020r. uczelnia, októrej mowa wust.1, która dysponuje infrastrukturą ioprogramowaniem umożliwiającymi prowadzenie zajęć zwykorzystaniem  metod  itechnik kształcenia  na odległość,  prowadzi  zajęcia  zwykorzystaniem  tych  metod  itechnik  niezależnie  od  tego,  czy  zostało  to  przewidziane wprogramie danego kształcenia.","Period from March 26, 2020. until April 10, 2020 the university referred to in section 1, which has the infrastructure and software to conduct classes with the use of distance learning methods and techniques, conducts classes using these methods and techniques, regardless of whether it has been provided for in the curriculum of a given education.",,,,,FALSE,,,0,,,,FALSE,,,,,,,,,,,,,FALSE,,,,,,,,,FALSE,,,,,,,,,,,,,TRUE,,,,,,,1,,,,,,,,,,,,FALSE,,,,,,,FALSE,,,,,,,,,,FALSE,FALSE,0,FALSE,0,FALSE,0,FALSE,0,FALSE,0,,,,FALSE,,FALSE,,,,,,FALSE,,,,FALSE,FALSE,,FALSE,FALSE,FALSE,,,,,
7,PL10035,POL100007,23-Mar-20,POLAND,POL,0,,,,,"§3.Uczelnia,  októrej mowa wust.1, która wokresie awieszenia wykładów oraz innych zajęć dydaktycznych pro-wadziła  zajęcia  zwykorzystaniem  metod  itechnik  kształcenia  na odległość,  może  kontynuować  prowadzenie  zajęć  wykorzystaniem  tych  metod  itechnik po zakończeniu okresu zawieszenia wykładów oraz innych zajęć dydaktycznych, nie dłużej jednak niż do dnia 30września 2020r.","§3 The university, referred to in section 1, which during the suspension of lectures and other classes conducted classes using distance learning methods and techniques, may continue to conduct classes using these methods and techniques after the end of the suspension period of lectures and other classes, no longer however, than until September 30, 2020.",,,,,FALSE,,,180,,,,FALSE,,,,,,,,,,,,,FALSE,,,,,,,,,FALSE,,,,,,,,,,,,,FALSE,,,,,,,,,,,,,,,,,,,FALSE,,,,,,,FALSE,,,,,,,,,,FALSE,FALSE,0,FALSE,0,FALSE,0,FALSE,0,FALSE,0,,,,FALSE,,FALSE,,,,,,FALSE,,,,FALSE,FALSE,,FALSE,FALSE,FALSE,,,,,
8,PL10038,POL100008,24-Mar-20,POLAND,POL,0,,,,ROZPORZĄDZENIEMINISTRA SPRAW WEWNĘT R Z N Y C H   I   A D M I N I S T R AC J I z dnia 24 marca 2020r. zmieniające rozporządzenie wsprawie przywrócenia tymczasowo kontroli granicznej osób przekraczających granicę państwową stanowiącą granicę wewnętrzną,zmieniające rozporządzenie wsprawie przywrócenia tymczasowo kontroli granicznej osób przekraczających granicę państwową stanowiącą granicę wewnętrzną,amending the regulation on the temporary reintroduction of border control of persons crossing the state border constituting an internal border,,,,,FALSE,,,0,,,,FALSE,,,,,,,,,,,,,FALSE,,,,,,,,,FALSE,,,,,,,,,,,,,FALSE,,,,,,,,,,,,,,,,,,,FALSE,,,,,,,FALSE,,,,,,,,,,FALSE,FALSE,0,FALSE,0,FALSE,0,FALSE,0,FALSE,0,,,,FALSE,,FALSE,,,,0,,FALSE,,,,FALSE,FALSE,,FALSE,FALSE,FALSE,,,,,
9,PL10038,POL100009,24-Mar-20,POLAND,POL,0,,,,,"wprowadza się następujące zmiany: 1)w §2 :a)po ust.1dodaje się ust.1a wbrzmieniu:„1a.Kontrolę graniczną osób, przywróconą tymczasowo na okres, októrym mowa wust.1, przedłuża się na okres od dnia 25marca 2020r. do dnia 13kwietnia 2020r.”","the following changes are made: 1) in §2: a) after section 1, section 1a shall be added with the wording: ""1a. Border control of persons, temporarily restored for the period referred to in section 1, shall be extended for the period from 25 March 2020 . until April 13, 2020 """,,,,,FALSE,,,0,,,,FALSE,,,,,,,,,,,,,FALSE,,,,,,,,,FALSE,,,,,,,,,,,,,FALSE,,,,,,,,,,,,,,,,,,,FALSE,,,,,,,FALSE,,,,,,,,,,FALSE,FALSE,0,FALSE,0,FALSE,0,FALSE,0,FALSE,0,,,,FALSE,,FALSE,,,,1,,FALSE,,,,FALSE,FALSE,,FALSE,FALSE,FALSE,,,,,
10,PL10038,POL100010,24-Mar-20,POLAND,POL,0,,,,,"wprowadza się następujące zmiany: 1)w §2: b)u st.2 otrzymuje brzmienie:„2.Zakres kontroli, októrej mowa wust.1 i1a, wtym możliwość jej ograniczenia na zasadach określonych wkodeksie granicznym Schengen, będzie dostosowany odpowiednio do stopnia zagrożenia porządku publicznego lub  bezpieczeństwa  państwa  wzwiązku  zwystąpieniem  poważnego  zagrożenia  dla  zdrowia  publicznego wywołanego koronawirusem SARS-CoV-2, powodującym chorobę COVID-19.”","the following changes are introduced: 1) in §2: b) in section 2 shall read as follows: ""2. The scope of control referred to in sections 1 and 1a, including the possibility of limiting it on the terms specified in the Schengen Border Code, will be adjusted to the degree of threat public order or state security in relation to the occurrence of a serious threat to public health caused by the SARS-CoV-2 coronavirus, causing the COVID-19 disease. """,,,,,FALSE,,,0,,,,FALSE,,,,,,,,,,,,,FALSE,,,,,,,,,FALSE,,,,,,,,,,,,,FALSE,,,,,,,,,,,,,,,,,,,FALSE,,,,,,,FALSE,,,,,,,,,,FALSE,FALSE,0,FALSE,0,FALSE,0,FALSE,0,FALSE,0,,,,FALSE,,FALSE,,,,1,,FALSE,,,,FALSE,FALSE,,FALSE,FALSE,FALSE,,,,,
11,PL10040,POL100011,24-Mar-20,POLAND,POL,0,,,,ROZPORZĄDZENIE MINISTRA ZDROWIA z dnia 24 marca 2020 r.zmieniające rozporządzenie wsprawie ogłoszenia na obszarze Rzeczypospolitej Polskiej stanu epidemii,ROZPORZĄDZENIE M I N I S T R A   Z D R O W I A1)z dnia 24 marca 2020 r.zmieniające rozporządzenie wsprawie ogłoszenia na obszarze Rzeczypospolitej Polskiej stanu epidemii,"REGULATION OF THE MINISTER OF HEALTH of March 24, 2020 amending the regulation on the declaration of an epidemic in the territory of the Republic of Poland",,,,,FALSE,,,0,,,,TRUE,,,,,,,,,,,,State of epidemic,FALSE,,,,,,,,,FALSE,,,,,,,,,,,,,FALSE,,,,,,,,,,,,,,,,,,,FALSE,,,,,,,FALSE,,,,,,,,,,FALSE,FALSE,0,FALSE,0,FALSE,0,FALSE,0,FALSE,0,,,,FALSE,,FALSE,,,,,,FALSE,,,,FALSE,FALSE,,FALSE,FALSE,FALSE,,,,,
12,PL10040,POL100012,24-Mar-20,POLAND,POL,0,,,,,"„§3a.1. Wokresie od dnia 25marca 2020r. do dnia 11kwietnia 2020r. zakazuje się na obszarze Rzeczypospolitej Polskiej przemieszczania się osób przebywających na tym obszarze, zwyjątkiem przemieszczania się danej osoby wcelu","""§3a.1. In the period from March 25, 2020. until April 11, 2020 the movement of persons staying in this area is prohibited in the territory of the Republic of Poland, except for the movement of a given person for the purpose of",,,,,FALSE,,,0,,,,FALSE,,,,,,,,,,,,,TRUE,1,,,,,,,,FALSE,,,,,,,,,,,,,FALSE,,,,,,,,,,,,,,,,,,,FALSE,,,,,,,FALSE,,,,,,,,,,FALSE,FALSE,0,FALSE,0,FALSE,0,FALSE,0,FALSE,0,,,,FALSE,,FALSE,,,,,,FALSE,,,,FALSE,FALSE,,FALSE,FALSE,FALSE,,,,,
13,PL10040,POL100013,24-Mar-20,POLAND,POL,0,,,,,"2.Wprzypadku gdy przemieszczanie się następuje:1)pieszo –jednocześnie mogą się poruszać dwie osoby wodległości nie mniejszej niż 1,5m od siebie;","2. When the movement takes place: 1) on foot - two people may move at the same time, not less than 1.5 m from each other;",,,,,FALSE,,,0,,,,FALSE,,,,,,,,,,,,,FALSE,,,,,,,,,TRUE,100,,,,,,,,,,,,FALSE,,,,,,,,,,,,,,,,,,,FALSE,,,,,,,FALSE,,,,,,,,,,FALSE,FALSE,0,FALSE,0,FALSE,0,FALSE,0,FALSE,0,,,,FALSE,,FALSE,,,,,,FALSE,,,,FALSE,FALSE,,FALSE,FALSE,FALSE,,,,,
14,PL10040,POL100014,24-Mar-20,POLAND,POL,0,,,,,"2.Wprzypadku gdy przemieszczanie się następuje: 2)środkami publicznego transportu zbiorowego wrozumieniu art.1a ust.4pkt3a ustawy zdnia 20czerwca 1992r.ouprawnieniach  do  ulgowych  przejazdów  środkami  publicznego  transportu  zbiorowego  (Dz.U.  z2018r.poz.295) –środkiem tym można przewozić, wtym samym czasie, nie więcej osób,niż wynosi połowa miejscsiedzących","2. In the event that the movement takes place: 2) by means of public collective transport, within the meaning of Article 1a (4) (3a) of the Act of June 20, 1992, entitlement to concessionary journeys by means of public collective transport (Journal of Laws of 2018, item 295) - this means may be used to transport , at the same time, no more than half the seated",,,,,FALSE,,,0,,,,FALSE,,,,,,,,,,,,,FALSE,,,,,,,,,FALSE,,,,,,,,,,,,,TRUE,,,,,,,,,,,,,100,,,,,,FALSE,,,,,,,FALSE,,,,,,,,,,FALSE,FALSE,0,FALSE,0,FALSE,0,FALSE,0,FALSE,0,,,,FALSE,,FALSE,,,,,,FALSE,,,,FALSE,FALSE,,FALSE,FALSE,FALSE,,,,,
15,PL10040,POL100015,24-Mar-20,POLAND,POL,0,,,,,"pkt 4, polegają na obowiązku zapewnienia, aby wtrakcie sprawowania kultu religijnego, wtym czynności lub obrzędów religijnych, na danym terenie lub wdanym obiekcie znajdowało się łącznie, zarówno wewnątrz,jak ina zewnątrz pomieszczeń, nie więcej niż:a)50osób, wliczając wto uczestników iosoby sprawujące kult religijny lub osoby zatrudnioneprzez zakład pogrzebowy  wprzypadku  pogrzebu –wokresie  od  dnia  20marca  2020r.  do  dnia  24marca  2020r.  oraz wokresie od dnia 12kwietnia 2020r. do odwołania","point 4, consist in the obligation to ensure that during the exercise of religious worship, including religious activities or rituals, in a given area or in a given facility there are a total of no more than: a) 50 people, including participants and persons worshipers or persons employed by a funeral director in the event of a funeral - at the time of 20 March 2020. until March 24, 2020 and in the period from April 12, 2020. until further notice",,,,,FALSE,,,0,,,,FALSE,,,,,,,,,,,,,TRUE,,,,,,1,,,FALSE,,,,,,,,,,,,,TRUE,,,1,,,,,,,,,,,,,,,,FALSE,,,,,,,FALSE,,,,,,,,,,FALSE,FALSE,0,FALSE,0,FALSE,0,FALSE,0,FALSE,0,,,,FALSE,,FALSE,,,,,,FALSE,,,,FALSE,FALSE,,FALSE,FALSE,FALSE,,,,,
16,PL10040,POL100016,24-Mar-20,POLAND,POL,0,,,,,"pkt 4, polegają na obowiązku zapewnienia, aby wtrakcie sprawowania kultu religijnego, wtym czynności lub obrzędów religijnych, na danym terenie lub wdanym obiekcie znajdowało się łącznie, zarówno wewnątrz,jak ina zewnątrz pomieszczeń, nie więcej niż 5 uczestników, oprócz osób sprawujących kult religijny lub osób zatrudnionych przez zakład pogrzebowy wprzypadku pogrzebu –wokresie od dnia 25marca 2020r. do dnia 11kwietnia 2020r.","point 4, consist in the obligation to ensure that during the exercise of religious worship, including religious activities or rituals, in a given area or in a given facility there are jointly, both inside and outside the premises, not more than 5 participants, except for religious worshipers people employed by the funeral director in the event of a funeral - the period from 25 March 2020. until April 11, 2020",,,,,FALSE,,,0,,,,FALSE,,,,,,,,,,,,,TRUE,,,,,,1,,,TRUE,,,,,,,,,,1,,,FALSE,,,,,,,,,,,,,,,,,,,FALSE,,,,,,,FALSE,,,,,,,,,,FALSE,FALSE,0,FALSE,0,FALSE,0,FALSE,0,FALSE,0,,,,FALSE,,FALSE,,,,,,FALSE,,,,FALSE,FALSE,,FALSE,FALSE,FALSE,,,,,
17,PL10040,POL100017,24-Mar-20,POLAND,POL,0,,,,,w rozdziale 5po §11dodaje się §11a wbrzmieniu:„§11a.1. Wokresie od dnia 25marca 2020r. do dnia 11kwietnia 2020r. zakazuje się:1)organizowania zgromadzeń wrozumieniu art.3 ustawy zdnia 24lipca 2015r. –Prawo ozgromadzeniach;,"in Chapter 5 after §11, §11a is added with the wording: “§11a.1. In the period from March 25, 2020. until April 11, 2020 it is prohibited to: 1) organize assemblies within the meaning of Article 3 of the Act of July 24, 2015. - Law on assembly;",,,,,FALSE,,,0,,,,FALSE,,,,,,,,,,,,,TRUE,,,,,1,,,,FALSE,,,,,,,,,,,,,FALSE,,,,,,,,,,,,,,,,,,,FALSE,,,,,,,FALSE,,,,,,,,,,FALSE,FALSE,0,FALSE,0,FALSE,0,FALSE,0,FALSE,0,,,,FALSE,,FALSE,,,,,,FALSE,,,,FALSE,FALSE,,FALSE,FALSE,FALSE,,,,,
18,PL10040,POL100018,24-Mar-20,POLAND,POL,0,,,,,"6)wrozdziale 5po §11dodaje się §11a wbrzmieniu:„§11a.1. Wokresie od dnia 25marca 2020r. do dnia 11kwietnia 2020r. zakazuje się: innych niż określone wpkt1zgromadzeń organizowanych wramach działalności kościołów iinnych związków wyznaniowych oraz imprez, spotkań izebrań niezależnie od ich rodzaju, zwyłączeniem spotkań danej osoby zjej osobami najbliższymi  wrozumieniu  art.115§11  ustawy  zdnia  6c zerwca  1997r. –Kodeks  karny  lub zosobami najbliższymi osobie, zktórą pozostaje we wspólnym pożyciu.","6) in chapter 5 after §11, §11a is added with the wording: “§11a.1. In the period from March 25, 2020. until April 11, 2020 it is forbidden to: other than specified in paragraph 1 assemblies organized as part of the activities of churches and other religious associations and events, meetings and meetings, regardless of their type, with the exception of meetings of a given person with persons closest to him within the meaning of Article 115 §11 of the Act of 6c zerwca 1997. - the Penal Code or with people closest to the person with whom he / she stays together.",,,,,FALSE,,,0,,,,FALSE,,,,,,,,,,,,,TRUE,,,,,,1,,,FALSE,,,,,,,,,,,,,FALSE,,,,,,,,,,,,,,,,,,,FALSE,,,,,,,FALSE,,,,,,,,,,FALSE,FALSE,0,FALSE,0,FALSE,0,FALSE,0,FALSE,0,,,,FALSE,,FALSE,,,,,,FALSE,,,,FALSE,FALSE,,FALSE,FALSE,FALSE,,,,,
19,PL10040,POL100019,24-Mar-20,POLAND,POL,0,,,,,"2.Od dnia 27marca 2020r. osoba przekraczająca granicę Rzeczypospolitej Polskiej wramach wykonywania czynności zawodowych  w Rzeczypospolitej  Polskiej  lub  wpaństwie sąsiadującym może otrzymać, na swój wniosek, od właściwego organu Państwowej Inspekcji Sanitarnej zaświadczenie oodbywaniu obowiązkowej kwarantanny określonej","2.From March 27, 2020 a person crossing the border of the Republic of Poland as part of performing professional activities in the Republic of Poland or in a neighboring country may receive, at his request, from the competent authority of the State Sanitary Inspection, a certificate of compulsory quarantine",,,,,FALSE,,,0,,,,FALSE,,,,,,,,,,,,,FALSE,,,,,,,,,TRUE,,,1,,,,,,,,,,FALSE,,,,,,,,,,,,,,,,,,,FALSE,,,,,,,FALSE,,,,,,,,,,FALSE,FALSE,0,FALSE,0,FALSE,0,FALSE,0,FALSE,0,,,,FALSE,,FALSE,,,,,,FALSE,,,,FALSE,FALSE,,FALSE,FALSE,FALSE,,,,,
20,PL10043,POL100020,25-Mar-20,POLAND,POL,0,,,,"ROZPORZĄDZENIEM I N I S T R A   N A U K I   I   S ZKOLNICTWA WYŻSZEGO1)z dnia 25marca 2020r.zmieniające rozporządzenie wsprawie czasowego ograniczenia funkcjonowania niektórych podmiotów systemu szkolnictwa wyższego inauki wzwiązku zzapobieganiem, przeciwdziałaniem izwalczaniem COVID-19","zmieniające rozporządzenie wsprawie czasowego ograniczenia funkcjonowania niektórych podmiotów systemu szkolnictwa wyższego inauki wzwiązku zzapobieganiem, przeciwdziałaniem izwalczaniem COVID-19","amending the regulation on the temporary limitation of the functioning of certain entities of the higher education system and science in connection with the prevention, counteracting and combating COVID-19",,,,,FALSE,,,0,,,,FALSE,,,,,,,,,,,,,FALSE,,,,,,,,,FALSE,,,,,,,,,,,,,FALSE,,,,,,,0,,,,,,,,,,,,FALSE,,,,,,,FALSE,,,,,,,,,,FALSE,FALSE,0,FALSE,0,FALSE,0,FALSE,0,FALSE,0,,,,FALSE,,FALSE,,,,,,FALSE,,,,FALSE,FALSE,,FALSE,FALSE,FALSE,,,,,
21,PL10043,POL100021,25-Mar-20,POLAND,POL,0,,,,,"w§1dodaje się ust.5 wbrzmieniu:„5.Wokresie,  októrym mowa wust.1, kolegia elektorów uczelni publicznych, komisje stypendialne, komisje izespoły powołane wpostępowaniach wsprawach  nadania  stopni  itytułu prowadzonych wuczelniach  oraz  komisje iinne gremia działające na podstawie statutów uczelni podejmują uchwały za pomocą środków komunikacji elektro-nicznej niezależnie od tego, czy taki tryb ich podejmowania został określony waktach wewnętrznych uczelni lub aktach regulujących działanie tych podmiotów.”.","in §1, section 5 is added with the following wording: ""5. In the period referred to in section 1, the colleges of electors of public universities, scholarship commissions, commissions and teams appointed in proceedings for awarding degrees and titles conducted at universities, as well as committees and other bodies operating on the basis of university statutes, adopt resolutions for by means of electronic communication, regardless of whether such a mode of their taking was defined in internal regulations of universities or in acts regulating the operation of these entities. ”.",,,,,FALSE,,,0,,,,FALSE,,,,,,,,,,,,,FALSE,,,,,,,,,FALSE,,,,,,,,,,,,,TRUE,,,,,,,1,,,,,,,,,,,,FALSE,,,,,,,FALSE,,,,,,,,,,FALSE,FALSE,0,FALSE,0,FALSE,0,FALSE,0,FALSE,0,,,,FALSE,,FALSE,,,,,,FALSE,,,,FALSE,FALSE,,FALSE,FALSE,FALSE,,,,,
22,PL10048,POL100022,31-Mar-20,POLAND,POL,0,,,,ROZPORZĄDZENIEM I N I S T R A   ZD R O W I A1)z dnia 31marca 2020r.zmieniające rozporządzenie wsprawie ogłoszenia na obszarze Rzeczypospolitej Polskiej stanu epidemii,ROZPORZĄDZENIE MINISTRA ZDROWIA z dnia 31 marca 2020 r.zmieniające rozporządzenie wsprawie ogłoszenia na obszarze Rzeczypospolitej Polskiej stanu epidemii,"REGULATION OF THE MINISTER OF HEALTH of March 31, 2020 amending the regulation on the declaration of an epidemic in the territory of the Republic of Poland",,,,,FALSE,,,0,,,,TRUE,,,,,,,,,,,,State of epidemic,FALSE,,,,,,,,,FALSE,,,,,,,,,,,,,FALSE,,,,,,,,,,,,,,,,,,,FALSE,,,,,,,FALSE,,,,,,,,,,FALSE,FALSE,0,FALSE,0,FALSE,0,FALSE,0,FALSE,0,,,,FALSE,,FALSE,,,,,,FALSE,,,,FALSE,FALSE,,FALSE,FALSE,FALSE,,,,,
23,PL10050,POL100023,31-Mar-20,POLAND,POL,0,,,,"USTAWA z dnia 31 marca 2020 r.o zmianie niektórych ustaw w zakresie systemu ochrony zdrowia związanych z zapobieganiem, przeciwdziałaniem izwalczaniem COVID-19","USTAWA z dnia 31 marca 2020 r.o zmianie niektórych ustaw w zakresie systemu ochrony zdrowia związanych z zapobieganiem, przeciwdziałaniem izwalczaniem COVID-19","ACT of March 31, 2020 amending certain acts in the field of the health care system related to preventing, counteracting and combating COVID-19",,,,,FALSE,,,0,,,,FALSE,0,,,,,,,,,,,,FALSE,,,,,,,,,FALSE,,,,,,,,,,,,,FALSE,,,,,,,,,,,,,,,,,,,FALSE,,,,,,,FALSE,,,,,,,,,,FALSE,FALSE,0,FALSE,0,FALSE,0,FALSE,0,FALSE,0,,,,FALSE,,FALSE,,,,,,FALSE,,,,FALSE,FALSE,,FALSE,FALSE,FALSE,,,,,
24,PL10050,POL100024,31-Mar-20,POLAND,POL,0,,,,,"a) after section 5, section 5a shall be added with the following wording: “5a. In the case of announcing the state of epidemic threat or epidemic state, the minister competent for health may change the dates referred to in sections 2 and 5. In the event of persistent circumstances causing the change of dates, the minister responsible for health shall change these dates again, however, the total period of postponing a given date cannot be longer than 5 months. The information on the announcement of these terms is published by the minister competent for health on his website. ""","a)po ust.5dodaje się ust.5a wbrzmieniu:„5a.Wprzypadku ogłoszenia stanu zagrożenia epidemicznego lub stanu epidemii minister właściwy do spraw zdrowia może zmienić terminy, októrych mowa wust.2  i5.  Wprzypadku nieustania okoliczności będą-cych przyczyną zmiany terminów minister właściwy do spraw zdrowia dokonuje ponownej zmiany tych termi-nów, jednak łączny okres przesunięcia danego terminu nie może być dłuższy niż 5miesięcy. Informację ozmia-nie tych terminów minister właściwy do spraw zdrowia ogłasza na swojej stronie internetowej.”",,,,,FALSE,,,0,,,,FALSE,1,,,,,,,,,,,,FALSE,,,,,,,,,FALSE,,,,,,,,,,,,,FALSE,,,,,,,,,,,,,,,,,,,FALSE,,,,,,,FALSE,,,,,,,,,,FALSE,FALSE,0,FALSE,0,FALSE,0,FALSE,0,FALSE,0,,,,FALSE,,FALSE,,,,,,FALSE,,,,FALSE,FALSE,,FALSE,FALSE,FALSE,,,,,
25,PL10050,POL100025,31-Mar-20,POLAND,POL,0,,,,,"8a. Wprzypadku ogłoszenia stanu zagrożenia epidemicznego lub stanu epidemii lekarz stażysta może zostać skierowany przez:1)wojewodę do pracy przy zwalczaniu epidemii na podstawie art.47 ustawy zdnia  5grudnia 2008r. ozapobie-ganiu oraz zwalczaniu zakażeń ichorób zakaźnych uludzi  (Dz.U.  z2019r.  poz.1239  i1495  oraz  z2020r. poz.284, 322 i374) do podmiotu, wktórym odbywa staż albo do innego podmiotu, albo","8a. In the event of announcing an epidemic emergency or an epidemic, a trainee doctor may be directed by: 1) a voivode to work on combating an epidemic pursuant to Article 47 of the Act on 5 December 2008. on the prevention and combating of infections and infectious diseases (Journal of Laws of 2019, items 1239 and 1495 and of 2020, items 284, 322 and 374) to the entity in which they are interning, or to another entity",,,,,FALSE,,,0,,,,TRUE,,,,,,,,,,,,Trainee doctors,FALSE,,,,,,,,,FALSE,,,,,,,,,,,,,FALSE,,,,,,,,,,,,,,,,,,,FALSE,,,,,,,FALSE,,,,,,,,,,FALSE,FALSE,0,FALSE,0,FALSE,0,FALSE,0,FALSE,0,,,,FALSE,,FALSE,,,,,,FALSE,,,,FALSE,FALSE,,FALSE,FALSE,FALSE,,,,,
26,PL10050,POL100026,31-Mar-20,POLAND,POL,0,,,,,"1c.Wprzypadku  ogłoszenia stanu zagrożenia epidemicznego lub stanu epidemii minister właściwy do spraw zdrowia może zmienić terminy, októrych mowa wust.1a","1c. In the event of the announcement of an epidemic threat or an epidemic, the minister competent for health may change the dates referred to in paragraph 1a.",,,,,FALSE,,,0,,,,TRUE,1,,,,,,,,,,,,FALSE,,,,,,,,,FALSE,,,,,,,,,,,,,FALSE,,,,,,,,,,,,,,,,,,,FALSE,,,,,,,FALSE,,,,,,,,,,FALSE,FALSE,0,FALSE,0,FALSE,0,FALSE,0,FALSE,0,,,,FALSE,,FALSE,,,,,,FALSE,,,,FALSE,FALSE,,FALSE,FALSE,FALSE,,,,,
27,PL10050,POL100027,31-Mar-20,POLAND,POL,0,,,,,"Wprzypadku nieustania okoliczności będących przyczyną zmiany terminów minister właściwy do spraw zdrowia dokonujeponownej zmiany tych terminów, jednak łączny okres przesunięcia danego terminu nie może być dłuższy niż 5miesięcy.","In the event of persistent circumstances causing the change of dates, the minister responsible for health shall change these dates again, however, the total period of postponing a given date may not be longer than 5 months.",,,,,FALSE,,,0,,,,TRUE,1,,,,,,,,100,,,,FALSE,,,,,,,,,FALSE,,,,,,,,,,,,,FALSE,,,,,,,,,,,,,,,,,,,FALSE,,,,,,,FALSE,,,,,,,,,,FALSE,FALSE,0,FALSE,0,FALSE,0,FALSE,0,FALSE,0,,,,FALSE,,FALSE,,,,,,FALSE,,,,FALSE,FALSE,,FALSE,FALSE,FALSE,,,,,
28,PL10050,POL100028,31-Mar-20,POLAND,POL,0,,,,,Informację ozmianie  tych terminów minister właściwy do spraw zdrowia ogłasza na swojej stronie internetowej.,The information about the change of these terms is announced by the minister competent for health on his website.,,,,,FALSE,,,0,,,,FALSE,,,,,,,,,,,,,FALSE,,,,,,,,,FALSE,,,,,,,,,,,,,FALSE,,,,,,,,,,,,,,,,,,,FALSE,,,,,,,FALSE,,,,,,,,,,FALSE,FALSE,0,FALSE,0,FALSE,0,FALSE,0,FALSE,0,,,,FALSE,,FALSE,,,,,,FALSE,,,,FALSE,FALSE,,FALSE,FALSE,TRUE,,,,,
29,PL10050,POL100029,31-Mar-20,POLAND,POL,0,,,,,"15.Wprzypadku ogłoszenia stanu zagrożenia epidemicznego lub stanu epidemii lekarz odbywający szkolenie specjalizacyjne może zostać skierowany przez:1)wojewodę do pracy przy zwalczaniu epidemii na podstawie art.47 ustawy zdnia  5grudnia 2008r. ozapobie-ganiu oraz zwalczaniu zakażeń ichorób zakaźnych uludzi  do podmiotu, wktórym odbywa szkolenie specjali-zacyjne albo do innego podmiotu","15. In the case of announcing an epidemic threat or state of an epidemic, a doctor undergoing specialization training may be directed by: 1) the voivode to work on combating the epidemic pursuant to Article 47 of the Act on 5 December 2008. on the prevention and combating of infections and infectious diseases to the entity in which it is undergoing specialist training, or to another entit",,,,,FALSE,,,0,,,,TRUE,,,,,,,,,,,,Trainee doctor,FALSE,,,,,,,,,FALSE,,,,,,,,,,,,,FALSE,,,,,,,,,,,,,,,,,,,FALSE,,,,,,,FALSE,,,,,,,,,,FALSE,FALSE,0,FALSE,0,FALSE,0,FALSE,0,FALSE,0,,,,FALSE,,FALSE,,,,,,FALSE,,,,FALSE,FALSE,,FALSE,FALSE,FALSE,,,,,
30,PL10050,POL100030,31-Mar-20,POLAND,POL,0,,,,,"Art.25b. Wprzypadku ogłoszenia stanu zagrożenia epidemicznego, stanu epidemii albo wrazie  niebezpie-czeństwa szerzenia się zakażenia lub choroby zakaźnej, które może stanowić zagrożenie  dla  zdrowia  publicznego, wszczególności  wystąpienia  choroby  szczególnie  niebezpiecznej  lub  wysoce  zakaźnej, dyrektor Instytutu może przesunąć termin kon-troli,  októrej mowa wart.25a  ust.1, jednorazowo, nie dłużej niż ookres 6miesięcy licząc od dnia upływu 2lat od dnia  ostatniej  kontroli.","Article 25b. In the event of a declaration of an epidemic threat, state of an epidemic or the risk of spreading an infection or an infectious disease that may pose a threat to public health, in particular the occurrence of a particularly dangerous or highly infectious disease, the director of the Institute may postpone the date of the inspection referred to in Art. 25a section 1, once, not longer than for a period of 6 months from the date of lapse of 2 years from the date of the last inspection.",,,,,FALSE,,,0,,,,FALSE,,,,,,,,,,,,,FALSE,,,,,,,,,FALSE,,,,,,,,,,,,,FALSE,,,,,,,,,,,,,,,,,,,TRUE,-1,,,,,,FALSE,,,,,,,,,,FALSE,FALSE,0,FALSE,0,FALSE,0,FALSE,0,FALSE,0,,,,FALSE,,FALSE,,,,,,FALSE,,,,FALSE,FALSE,,FALSE,FALSE,FALSE,100,,,,
31,PL10050,POL100031,31-Mar-20,POLAND,POL,0,,,,,"6a.Wprzypadku ogłoszenia stanu zagrożenia epidemicznego lub stanu epidemii minister właściwy do spraw zdrowia może zmienić terminy, októrych mowa wust.6.","6a. In the event of announcing an epidemic threat or state of an epidemic, the minister competent for health may change the dates referred to in paragraph 6.",,,,,FALSE,,,0,,,,FALSE,1,,,,,,,,,,,,FALSE,,,,,,,,,FALSE,,,,,,,,,,,,,FALSE,,,,,,,,,,,,,,,,,,,FALSE,,,,,,,FALSE,,,,,,,,,,FALSE,FALSE,0,FALSE,0,FALSE,0,FALSE,0,FALSE,0,,,,FALSE,,FALSE,,,,,,FALSE,,,,FALSE,FALSE,,FALSE,FALSE,FALSE,,,,,
32,PL10050,POL100032,31-Mar-20,POLAND,POL,0,,,,,"Wprzypadku ogłoszenia stanu zagrożenia epidemicznego lub stanu epidemii minister właściwy do spraw zdrowia może zmienić terminy, októrych mowa wust.2.","In the event of announcing an epidemic threat or state of an epidemic, the minister competent for health may change the dates referred to in paragraph 2.",,,,,FALSE,,,0,,,,FALSE,1,,,,,,,,,,,,FALSE,,,,,,,,,FALSE,,,,,,,,,,,,,FALSE,,,,,,,,,,,,,,,,,,,FALSE,,,,,,,FALSE,,,,,,,,,,FALSE,FALSE,0,FALSE,0,FALSE,0,FALSE,0,FALSE,0,,,,FALSE,,FALSE,,,,,,FALSE,,,,FALSE,FALSE,,FALSE,FALSE,FALSE,,,,,
33,PL10050,POL100033,31-Mar-20,POLAND,POL,0,,,,,"Wprzypadku nieustania okoliczności będących przyczyną zmiany terminów minister właściwy do spraw zdrowia dokonuje ponownej zmiany tych terminów, jednak łączny okres przesunięcia danego terminu nie może być dłuższy niż 5miesięcy.","If the circumstances causing the change of dates persist, the minister responsible for health shall change these dates again, however, the total period of postponing a given date may not exceed 5 months.",,,,,FALSE,,,0,,,,FALSE,1,,,,,,,,100,,,,FALSE,,,,,,,,,FALSE,,,,,,,,,,,,,FALSE,,,,,,,,,,,,,,,,,,,FALSE,,,,,,,FALSE,,,,,,,,,,FALSE,FALSE,0,FALSE,0,FALSE,0,FALSE,0,FALSE,0,,,,FALSE,,FALSE,,,,,,FALSE,,,,FALSE,FALSE,,FALSE,FALSE,FALSE,,,,,
34,PL10050,POL100034,31-Mar-20,POLAND,POL,0,,,,,Informację ozmianie tych terminów minister właściwy do spraw zdrowia ogłasza na swojej stronie internetowej.,The information about the change of these terms is announced by the minister competent for health on his website.,,,,,FALSE,,,0,,,,FALSE,,,,,,,,,,,,,FALSE,,,,,,,,,FALSE,,,,,,,,,,,,,FALSE,,,,,,,,,,,,,,,,,,,FALSE,,,,,,,FALSE,,,,,,,,,,FALSE,FALSE,0,FALSE,0,FALSE,0,FALSE,0,FALSE,0,,,,FALSE,,FALSE,,,,,,FALSE,,,,FALSE,FALSE,,TRUE,FALSE,TRUE,,,,,
35,PL10050,POL100035,31-Mar-20,POLAND,POL,0,,,,,"Wprzypadkach uzasadnionych nadzwyczajnymi okolicznościami, wszczególności zagrażającymi życiu lub zdrowiu osób zakwalifikowanych do rozpoczęcia szkolenia specjalizacyjnego, minister właściwy do spraw zdrowia może wydłużyć czas na rozpoczęcie szkolenia specjalizacyjnego ookres nie dłuższy niż 6miesięcy","In cases justified by extraordinary circumstances, in particular threatening the life or health of persons qualified to commence specialization training, the minister competent for health may extend the time for commencement of specialization training for a period not longer than 6 months.",,,,,FALSE,,,0,,,,FALSE,1,,,,,,,,,,,,FALSE,,,,,,,,,FALSE,,,,,,,,,,,,,FALSE,,,,,,,100,,,,,,,,,,,,FALSE,,,,,,,FALSE,,,,,,,,,,FALSE,FALSE,0,FALSE,0,FALSE,0,FALSE,0,FALSE,0,,,,FALSE,,FALSE,,,,,,FALSE,,,,FALSE,FALSE,,FALSE,FALSE,FALSE,100,,,,
36,PL10050,POL100036,31-Mar-20,POLAND,POL,0,,,,,"Wprzypadku ogłoszenia stanu zagrożenia epidemicznego lub stanu epidemii minister właściwy do spraw zdrowia może zmienić terminy, októrych mowa wust.4.","In the event of announcing an epidemic threat or an epidemic, the minister competent for health may change the dates referred to in section 4.",,,,,FALSE,,,0,,,,FALSE,1,,,,,,,,,,,,FALSE,,,,,,,,,FALSE,,,,,,,,,,,,,FALSE,,,,,,,,,,,,,,,,,,,FALSE,,,,,,,FALSE,,,,,,,,,,FALSE,FALSE,0,FALSE,0,FALSE,0,FALSE,0,FALSE,0,,,,FALSE,,FALSE,,,,,,FALSE,,,,FALSE,FALSE,,FALSE,FALSE,FALSE,,,,,
37,PL10050,POL100037,31-Mar-20,POLAND,POL,0,,,,,"Wprzypadkach uzasadnionych nadzwyczajnymi okolicznościami, wszczególności zagrażającymi życiu lub zdrowiu osób biorących udział wPESDL, minister właściwy do spraw zdrowia może odwołać wcałości lub wczęści PESDL wdanej dziedzinie.","In cases justified by extraordinary circumstances, in particular threats to the life or health of people participating in the PESDL, the minister competent for health may revoke all or part of the PESDL in a given field.",,,,,FALSE,,,0,,,,FALSE,1,,,,,,,,,,,,FALSE,,,,,,,,,FALSE,,,,,,,,,,,,,FALSE,,,,,,,,,,,,,,,,,,,FALSE,,,,,,,FALSE,,,,,,,,,,FALSE,FALSE,0,FALSE,0,FALSE,0,FALSE,0,FALSE,0,,,,FALSE,,FALSE,,,,,,FALSE,,,,FALSE,FALSE,,FALSE,FALSE,FALSE,,,,,
38,PL10050,POL100038,31-Mar-20,POLAND,POL,0,,,,,"Odwołując PESDL, minister właściwy do spraw zdrowia wydłuża czas trwania sesji eg-zaminacyjnej,   wktórej  miał  się  odbyć  odwołany  egzamin,  jednorazowo  ookres  nie  dłuższy  niż  6 miesięcy.","By canceling PESDL, the minister responsible for health extends the duration of the examination session in which the canceled examination was to take place, once for a period not longer than 6 months.",,,,,FALSE,,,0,,,,FALSE,1,,,,,,,,,,,,FALSE,,,,,,,,,FALSE,,,,,,,,,,,,,FALSE,,,,,,,,,,,,,,,,,,,FALSE,,,,,,,FALSE,,,,,,,,,,FALSE,FALSE,0,FALSE,0,FALSE,0,FALSE,0,FALSE,0,,,,FALSE,,FALSE,,,,,,FALSE,,,,FALSE,FALSE,,TRUE,FALSE,FALSE,100,,,,
39,PL10050,POL100039,31-Mar-20,POLAND,POL,0,,,,,"minister właściwy do spraw zdrowia może, wdrodze rozporządzenia, nałożyć na wytwórców, autoryzowanych przedstawicieli, dystrybutorów iimporte-rów wyrobów medycznych, producentów iimporterów środków spożywczych specjalnego przeznaczenia żywieniowego  lub  podmioty  odpowiedzialne  wodniesieniu do produktów biobójczych, posiadaczy pozwolenia albo zezwolenia na handel równoległy iwytwórców produktów biobójczych","The minister competent for health may, by means of a regulation, impose on manufacturers, authorized representatives, distributors and importers of medical devices, producers and importers of foodstuffs for particular nutritional uses or entities responsible for biocidal products, holders of a parallel trade permit or permit and manufacturers of biocidal products",,,,,FALSE,,,0,,,,FALSE,1,,,,,,,,,,,,FALSE,,,,,,,,,FALSE,,,,,,,,,,,,,FALSE,,,,,,,,,,,,,,,,,,,TRUE,,,,100,,,FALSE,,,,,,,,,,FALSE,FALSE,0,FALSE,0,FALSE,0,FALSE,0,FALSE,0,,,,FALSE,,FALSE,,,,,,FALSE,,,,FALSE,FALSE,,FALSE,FALSE,FALSE,,,,,
40,PL10050,POL100040,31-Mar-20,POLAND,POL,0,,,,,"Art.48a.1. Kto w stanie zagrożenia epidemicznego lub stanu epidemii nie stosuje się do ustanowionych na podstawie art.46 lub art.46b nakazów, zakazów lub ograniczeń, októrych mowa w: art. 46ust.4pkt1 lub wart.46b pkt5 i9–12, podlega karze pieniężnej wwysokości od5000zł do 30000z","Article 48a. 1. Who in the state of epidemic threat or state of epidemic does not adhere to the orders, prohibitions or restrictions established on the basis of Article 46 or Article 46b, which are referred to in: art. 46 (4) (1) or Article 46b (5) and 9-12, shall be subject to a financial penalty in the amount from PLN 5,000 to PLN 30,000",,,,,FALSE,,,0,TRUE,,,TRUE,,,,,,,,,,,,,FALSE,,,,,,,,,FALSE,,,,,,,,,,,,,FALSE,,,,,,,,,,,,,,,,,,,FALSE,,,,,,,FALSE,,,,,,,,,,FALSE,FALSE,0,FALSE,0,FALSE,0,FALSE,0,FALSE,0,,,,FALSE,,FALSE,,,,,,FALSE,,,,FALSE,FALSE,,FALSE,FALSE,FALSE,,,,,
41,PL10050,POL100041,31-Mar-20,POLAND,POL,0,,,,,"Art.48a.1.  Kto  wstanie zagrożenia epidemicznego lub stanu epidemii nie stosuje się do ustanowionych na podstawie art.46 lub art.46b nakazów, zakazów lub ograniczeń, októrych mowa w: art. 46ust.4pkt2 lub wart.46b pkt3, podlega karze pieniężnej wwysokości od 10000zł do 30000zł","Article 48a. 1. Whoever in an epidemic threat or state of an epidemic shall not adhere to the orders, bans or limitations established on the basis of Article 46 or Article 46b, which are referred to in: Article 46 section 4 point 2 or value 46b point 3, shall be subject to a financial penalty in the amount from PLN 10,000 to PLN 30,000",,,,,FALSE,,,0,TRUE,,,TRUE,,,,,,,,,,,,,FALSE,,,,,,,,,FALSE,,,,,,,,,,,,,FALSE,,,,,,,,,,,,,,,,,,,FALSE,,,,,,,FALSE,,,,,,,,,,FALSE,FALSE,0,FALSE,0,FALSE,0,FALSE,0,FALSE,0,,,,FALSE,,FALSE,,,,,,FALSE,,,,FALSE,FALSE,,FALSE,FALSE,FALSE,,,,,
42,PL10050,POL100042,31-Mar-20,POLAND,POL,0,,,,,"Art.48a.1.  Kto w stanie zagrożenia epidemicznego lub stanu epidemii nie stosuje się do ustanowionych na podstawie art.46 lub art.46b nakazów, zakazów lub ograniczeń, októrych mowa w art. 46ust.4pkt3–5 lub wart.46b pkt2 i8, podlega karze pieniężnej wwysokości od 10000zł do 30000zł;","Article 48a. 1. Whoever in an epidemic threat or state of an epidemic shall not adhere to the orders, bans or limitations established on the basis of Article 46 or Article 46b, which are referred to in Article 46 section 4 points 3-5 or value 46b point 2 and 8, shall be subject to a financial penalty in the amount from PLN 10,000 to PLN 30,000;",,,,,FALSE,,,0,TRUE,,,TRUE,,,,,,,,,,,,,FALSE,,,,,,,,,FALSE,,,,,,,,,,,,,FALSE,,,,,,,,,,,,,,,,,,,FALSE,,,,,,,FALSE,,,,,,,,,,FALSE,FALSE,0,FALSE,0,FALSE,0,FALSE,0,FALSE,0,,,,FALSE,,FALSE,,,,,,FALSE,,,,FALSE,FALSE,,FALSE,FALSE,FALSE,,,,,
43,PL10050,POL100043,31-Mar-20,POLAND,POL,0,,,,,"Art.48a.1.  Kto  wstanie zagrożenia epidemicznego lub stanu epidemii nie stosuje się do ustanowionych na podstawie art.46 lub art.46b nakazów, zakazów lub ograniczeń, októrych mowa w: 4)art.46ust.4pkt6, podlega karze pieniężnej wwysokości od 5000zł do 10000zł;","Article 48a. 1. Whoever, in an epidemic threat or state of an epidemic, does not comply with the orders, bans or limitations established on the basis of Article 46 or Article 46b, referred to in: 4) Article 46 (4) (6), shall be subject to a financial penalty in the amount from PLN 5,000 to PLN 10,000;",,,,,FALSE,,,0,TRUE,,,TRUE,,,,,,,,,,,,,FALSE,,,,,,,,,FALSE,,,,,,,,,,,,,FALSE,,,,,,,,,,,,,,,,,,,FALSE,,,,,,,FALSE,,,,,,,,,,FALSE,FALSE,0,FALSE,0,FALSE,0,FALSE,0,FALSE,0,,,,FALSE,,FALSE,,,,,,FALSE,,,,FALSE,FALSE,,FALSE,FALSE,FALSE,,,,,
44,PL10050,POL100044,31-Mar-20,POLAND,POL,0,,,,,"Art.48a.1.  Kto  w stanie zagrożenia epidemicznego lub stanu epidemii nie stosuje się do ustanowionych na podstawie art.46 lub art.46b nakazów, zakazów lub ograniczeń, októrych mowa w 5)art. 46ust.4pkt7 lub wart.46b pkt4, podlega karze pieniężnej wwysokościod 5000zł do 10000zł","Article 48a. 1. Who in the state of epidemic threat or state of epidemic does not comply with  the orders, bans or limitations established on the basis of article 46 or article 46b, which are referred to in 5) art. 46 section 4 point 7 or value 46b point 4, shall be subject to a financial penalty in the amount from PLN 5,000 to PLN 10,000",,,,,FALSE,,,0,TRUE,,,TRUE,,,,,,,,,,,,,FALSE,,,,,,,,,FALSE,,,,,,,,,,,,,FALSE,,,,,,,,,,,,,,,,,,,FALSE,,,,,,,FALSE,,,,,,,,,,FALSE,FALSE,0,FALSE,0,FALSE,0,FALSE,0,FALSE,0,,,,FALSE,,FALSE,,,,,,FALSE,,,,FALSE,FALSE,,FALSE,FALSE,FALSE,,,,,
45,PL10050,POL100045,31-Mar-20,POLAND,POL,0,,,,,"2.Kto w stanie zagrożenia epidemicznego lub stanu epidemii nie wykonuje decyzji,  októrych mowa wart.47ust.4, podlega karze pieniężnej wwysokości od 5000zł do 30000zł.","2. Whoever in a state of epidemic threat or state of epidemic fails to implement the decisions referred to in Article 47 section 4 shall be subject to a financial penalty in the amount of PLN 5,000 to PLN 30,000.",,,,,FALSE,,,0,TRUE,,,FALSE,,,,,,,,,,,,,FALSE,,,,,,,,,FALSE,,,,,,,,,,,,,FALSE,,,,,,,,,,,,,,,,,,,FALSE,,,,,,,FALSE,,,,,,,,,,FALSE,FALSE,0,FALSE,0,FALSE,0,FALSE,0,FALSE,0,,,,FALSE,,FALSE,,,,,,FALSE,,,,FALSE,FALSE,,FALSE,FALSE,FALSE,,,,,
46,PL10050,POL100046,31-Mar-20,POLAND,POL,0,,,,,"3.Kary pieniężne, o których mowa w 1)ust. 1, wymierza, wdrodze decyzji administracyjnej, państwowy powiatowy inspektor sanitarny ipaństwowy graniczny inspektor sanitarny","3. The financial penalties referred to in 1) para. 1, measures, by administrative decision, the state district sanitary inspector and the state border sanitary inspector;",,,,,FALSE,,,0,,,,FALSE,,,,,,,,,,,,,FALSE,,,,,,,,,FALSE,,,,,,,,,,,,,FALSE,,,,,,,,,,,,,,,,,,,TRUE,,,,,,,FALSE,,,,,,,,,,FALSE,FALSE,0,FALSE,0,FALSE,0,FALSE,0,FALSE,0,,,,FALSE,,FALSE,,,,,,FALSE,,,,FALSE,FALSE,,FALSE,FALSE,FALSE,,,,,
47,PL10050,POL100047,31-Mar-20,POLAND,POL,0,,,,,"Kary pieniężne, októrych mowa w ust. 2, wymierza odpowiednio wojewoda albo minister właściwy do spraw zdrowia.","Financial penalties referred to in paragraph 2, measures respectively the Governor or the relevant minister of health.",,,,,FALSE,,,0,TRUE,,,FALSE,1,,,,,,,,,,,,FALSE,,,,,,,,,FALSE,,,,,,,,,,,,,FALSE,,,,,,,,,,,,,,,,,,,FALSE,,,,,,,FALSE,,,,,,,,,,FALSE,FALSE,0,FALSE,0,FALSE,0,FALSE,0,FALSE,0,,,,FALSE,,FALSE,,,,,,FALSE,,,,FALSE,FALSE,,FALSE,FALSE,FALSE,,,,,
48,PL10050,POL100048,31-Mar-20,POLAND,POL,0,,,,,"5.Wprzypadku ponownego popełnienia takiego samego czynu, októrym mowa wust.1 lub 2, wysokość kary pieniężnej:1)jest nie niższa od wysokości kary pieniężnej wymierzonej poprzednio za takie naruszenie;","5. In the case of repeated committing the same act, referred to in paragraph 1 or 2, the amount of the fine: 1) is not lower than the amount of the previous fine for such violation;",,,,,FALSE,,,0,TRUE,,,FALSE,,,,,,,,,,,,,FALSE,,,,,,,,,FALSE,,,,,,,,,,,,,FALSE,,,,,,,,,,,,,,,,,,,FALSE,,,,,,,FALSE,,,,,,,,,,FALSE,FALSE,0,FALSE,0,FALSE,0,FALSE,0,FALSE,0,,,,FALSE,,FALSE,,,,,,FALSE,,,,FALSE,FALSE,,FALSE,FALSE,FALSE,,,,,
49,PL10051,POL100049,31-Mar-20,POLAND,POL,0,,,,"USTAWA z dnia 31marca 2020r.o zmianie ustawy oszczególnych rozwiązaniach związanych z zapobieganiem, przeciwdziałaniem izwalczaniem COVID-19, innych chorób zakaźnych oraz wywołanych nimi sytuacji kryzysowych oraz niektórych innych ustaw","idodaje się ust.2 wbrzmieniu: „2.Przepis  ust.1stosujesię odpowiednio do funkcjonariuszy służb wymienionych wprzepisach  ozaopatrze-niu  emerytalnym  funkcjonariuszy  Policji,  Agencji  Bezpieczeństwa  Wewnętrznego,  Agencji  Wywiadu,  Służby Kontrwywiadu Wojskowego, Służby Wywiadu Wojskowego, Centralnego Biura Antykorupcyjnego, Straży Gra-nicznej, Służby Ochrony Państwa, Państwowej Straży Pożarnej, Służby Celno-Skarbowej  i Służby Więziennej oraz ich rodzin.”","""2.The provision of section 1 shall apply accordingly to the officers of the services mentioned in the provisions on pension provision for officers of the Police, the Internal Security Agency, the Intelligence Agency, the Military Counterintelligence Service, the Military Intelligence Service, Central Anticorruption Bureau, Border Guard, State Protection Service, State Fire Service, C Service elno-Skarbowa and the Prison Service and their families.",,,,,FALSE,,,0,,,,FALSE,,,,,,,,,,,,,FALSE,,,,,,,,,FALSE,,,,,,,,,,,,,FALSE,,,,,,,,,,,,,,,,,,,FALSE,,,,,,,FALSE,,,,,,,,,,FALSE,FALSE,0,FALSE,0,FALSE,0,FALSE,0,FALSE,0,100,,,FALSE,,FALSE,,,,,,FALSE,,,,FALSE,FALSE,,FALSE,FALSE,FALSE,,,,,
50,PL10054,POL100050,06-Apr-20,POLAND,POL,0,,,,"ROZPORZĄDZENIE MINISTRA   ZDROWIA z dnia 6 kwietnia 2020r.w sprawie chorób zakaźnych powodujących powstanie obowiązku hospitalizacji, izolacji lub izolacji wwarunkach domowych oraz obowiązku kwarantanny lub nadzoru epidemiologicznego","ROZPORZĄDZENIE MINISTRA   ZDROWIA z dnia 6 kwietnia 2020r.w sprawie chorób zakaźnych powodujących powstanie obowiązku hospitalizacji, izolacji lub izolacji wwarunkach domowych oraz obowiązku kwarantanny lub nadzoru epidemiologicznego","REGULATION OF THE MINISTER OF HEALTH of April 6, 2020 on infectious diseases resulting in the obligation of hospitalization, isolation or isolation in home conditions and the obligation of quarantine or epidemiological supervision",,,,,FALSE,,,0,,,,FALSE,,,,,,,,,,,,,FALSE,,,,,,,,,FALSE,,,100,100,,,,,,,100,,FALSE,,,,,,,,,,,,,,,,,,,FALSE,,,,,,,FALSE,,,,,,,,,,FALSE,FALSE,0,FALSE,0,FALSE,0,FALSE,0,FALSE,0,,,,FALSE,,FALSE,,,,,,FALSE,,,,FALSE,FALSE,,FALSE,FALSE,FALSE,,,,,
51,PL10054,POL100051,06-Apr-20,POLAND,POL,0,,,,,1.Rozporządzenie określa:1)choroby zakaźne powodujące powstanie obowiązku hospitalizacji,1. The regulation specifies: 1) infectious diseases causing the obligation to hospitalize,,,,,FALSE,,,0,,,,FALSE,,,,,,,,,,,,,FALSE,,,,,,,,,TRUE,,,,,,,,,,,100,,FALSE,,,,,,,,,,,,,,,,,,,FALSE,,,,,,,FALSE,,,,,,,,,,FALSE,FALSE,0,FALSE,0,FALSE,0,FALSE,0,FALSE,0,,,,FALSE,,FALSE,,,,,,FALSE,,,,FALSE,FALSE,,FALSE,FALSE,FALSE,,,,,
52,PL10054,POL100052,06-Apr-20,POLAND,POL,0,,,,,1.Rozporządzenie określa:1)choroby zakaźne powodujące powstanie obowiązku izolacji lub izolacji wwarunkach domowych,1. The regulation specifies: 1) infectious diseases causing the obligation to isolate or isolate in domestic conditions,,,,,FALSE,,,0,,,,FALSE,,,,,,,,,,,,,FALSE,,,,,,,,,TRUE,,,100,,,,,,,,,,FALSE,,,,,,,,,,,,,,,,,,,FALSE,,,,,,,FALSE,,,,,,,,,,FALSE,FALSE,0,FALSE,0,FALSE,0,FALSE,0,FALSE,0,,,,FALSE,,FALSE,,,,,,FALSE,,,,FALSE,FALSE,,FALSE,FALSE,FALSE,,,,,
53,PL10054,POL100053,06-Apr-20,POLAND,POL,0,,,,,2)obowiązki lekarza lub felczera w przypadku podejrzenia lub rozpoznania zakażenia lub choroby zakaźnej powodują-cych powstanie obowiązku hospitalizacji,2) duties of a doctor or a medical assistant in the case of suspicion or diagnosis of an infection or an infectious disease resulting in the obligation to hospitalize,,,,,FALSE,,,0,,,,FALSE,,,,,,,,,,,,,FALSE,,,,,,,,,TRUE,,,,,,,,,,,100,,FALSE,,,,,,,,,,,,,,,,,,,FALSE,,,,,,,FALSE,,,,,,,,,,FALSE,FALSE,0,FALSE,0,FALSE,0,FALSE,0,FALSE,0,,,,FALSE,,FALSE,,,,,,FALSE,,,,FALSE,FALSE,,FALSE,FALSE,FALSE,,,,,
54,PL10054,POL100054,06-Apr-20,POLAND,POL,0,,,,,2)obowiązki lekarza lub felczera w przypadku podejrzenia lub rozpoznania zakażenia lub choroby zakaźnej powodują-cych powstanie obowiązku,2) duties of a doctor or a medical assistant in the case of suspicion or diagnosis of an infection or an infectious disease resulting in the obligation to isolate or isolate at home;,,,,,FALSE,,,0,,,,FALSE,,,,,,,,,,,,,FALSE,,,,,,,,,TRUE,,,100,,,,,,,,,,FALSE,,,,,,,,,,,,,,,,,,,FALSE,,,,,,,FALSE,,,,,,,,,,FALSE,FALSE,0,FALSE,0,FALSE,0,FALSE,0,FALSE,0,,,,FALSE,,FALSE,,,,,,FALSE,,,,FALSE,FALSE,,FALSE,FALSE,FALSE,,,,,
55,PL10054,POL100055,06-Apr-20,POLAND,POL,0,,,,,§2.1. Obowiązkowej hospitalizacji podlegają:1)osoby chore na gruźlicę wokresie prątkowania oraz osoby zuzasadnionym podejrzeniem oprątkowanie;,§2.1. Compulsory hospitalization covers: 1) people suffering from tuberculosis during the mycobacterial period and people with justified suspicion of tuberculosis;,,,,,FALSE,osoby chore na gruźlicę wokresie prątkowania;  osoby zuzasadnionym podejrzeniem oprątkowanie,,0,,,,FALSE,,,,,,,,,,,,,FALSE,,,,,,,,,FALSE,,,,,,,,,,,100,,FALSE,,,,,,,,,,,,,,,,,,,FALSE,,,,,,,FALSE,,,,,,,,,,FALSE,FALSE,0,FALSE,0,FALSE,0,FALSE,0,FALSE,0,,,,FALSE,,FALSE,,,,,,FALSE,,,,FALSE,FALSE,,FALSE,FALSE,FALSE,,,,,
56,PL10054,POL100056,06-Apr-20,POLAND,POL,0,,,,,§2.1. Obowiązkowej hospitalizacji podlegają: osoby zakażone lub chore oraz podejrzane ozakażenie lub zachorowanie na,"§2.1. Compulsory hospitalization covers: infected or sick persons, as well as suspected infection or illness",,,,,FALSE,osoby zakażone lub chore,,0,,,,FALSE,,,,,,,,,,,,,FALSE,,,,,,,,,TRUE,,,,,,,,,,,100,,FALSE,,,,,,,,,,,,,,,,,,,FALSE,,,,,,,FALSE,,,,,,,,,,FALSE,FALSE,0,FALSE,0,FALSE,0,FALSE,0,FALSE,0,,,,FALSE,,FALSE,,,,,,FALSE,,,,FALSE,FALSE,,FALSE,FALSE,FALSE,,,,,
57,PL10054,POL100057,06-Apr-20,POLAND,POL,0,,,,,§2.1. Compulsory hospitalization applies to: 3) people who have been diagnosed with SARS-CoV-2 virus infection or disease caused by SARS-CoV-2 (COVID-19) virus or suspected infection or disease,"§2.1. Obowiązkowej hospitalizacji podlegają: 3)osoby, u których stwierdzono zakażenie wirusem SARS-CoV-2 lub zachorowanie na chorobę wywołaną wirusem SARS-CoV-2(COVID-19) lub podejrzenie zakażenia lub zachorowania",,,,,FALSE,"osoby, u których stwierdzono zakażenie wirusem SARS-CoV-2",,0,,,,FALSE,,,,,,,,,,,,,FALSE,,,,,,,,,FALSE,,,,,,,,,,,100,,FALSE,,,,,,,,,,,,,,,,,,,FALSE,,,,,,,FALSE,,,,,,,,,,FALSE,FALSE,0,FALSE,0,FALSE,0,FALSE,0,FALSE,0,,,,FALSE,,FALSE,,,,,,FALSE,,,,FALSE,FALSE,,FALSE,FALSE,FALSE,,,,,
58,PL10054,POL100058,06-Apr-20,POLAND,POL,0,,,,,"2.Obowiązkowej izolacji  lub  izolacji  wwarunkach domowych podlegają osoby, uktórych stwierdzono zakażenie wywołane wirusem SARS-CoV-2 lub zachorowanie na chorobę wywołaną wirusem SARS-CoV-2(COVID-19) lub podejrzenie zakażenia lub zachorowania","2. Obligatory isolation or isolation in domestic conditions shall apply to persons who have been diagnosed with SARS-CoV-2 virus infection or contracted disease caused by SARS-CoV-2 (COVID-19) virus, or suspected infection or disease",,,,,FALSE,"osoby, uktórych stwierdzono zakażenie wywołane wirusem SARS-CoV-2",,0,,,,FALSE,,,,,,,,,,,,,FALSE,,,,,,,,,TRUE,,,100,,,,,,,,,,FALSE,,,,,,,,,,,,,,,,,,,FALSE,,,,,,,FALSE,,,,,,,,,,FALSE,FALSE,0,FALSE,0,FALSE,0,FALSE,0,FALSE,0,,,,FALSE,,FALSE,,,,,,FALSE,,,,FALSE,FALSE,,FALSE,FALSE,FALSE,,,,,
59,PL10059,POL100059,09-Apr-20,POLAND,POL,0,,,,"ROZPORZĄDZENIE MINISTRA   EDUKACJI   NARODOWE J z dnia 9 kwietnia 2020r.zmieniające rozporządzenie wsprawie czasowego ograniczenia funkcjonowania jednostek systemu oświaty wzwiązku z zapobieganiem, przeciwdziałaniem izwalczaniem COVID-19","ROZPORZĄDZENIE MINISTRA   EDUKACJI   NARODOWE J z dnia 9 kwietnia 2020r.zmieniające rozporządzenie wsprawie czasowego ograniczenia funkcjonowania jednostek systemu oświaty wzwiązku z zapobieganiem, przeciwdziałaniem izwalczaniem COVID-19","REGULATION OF THE MINISTER OF NATIONAL EDUCATION J of 9 April 2020 amending the regulation on the temporary limitation of the functioning of the education system units in connection with the prevention, counteraction and combating of COVID-19",,,,,FALSE,,,0,,,,FALSE,,,,,,,,,,,,,FALSE,,,,,,,,,FALSE,,,,,,,,,,,,,FALSE,,,,,0,0,,,,,,,,,,,,,FALSE,,,,,,,FALSE,,,,,,,,,,FALSE,FALSE,0,FALSE,0,FALSE,0,FALSE,0,FALSE,0,,,,FALSE,,FALSE,,,,,,FALSE,,,,FALSE,FALSE,,FALSE,FALSE,FALSE,,,,,
60,PL10059,POL100060,09-Apr-20,POLAND,POL,0,,,,,"w §3pkt 2otrzymuje brzmienie:„2)wprzypadku szkół prowadzących kształcenie zawodowe –zawieszenie dotyczy również zajęć realizowanych wramach praktycznej nauki zawodu organizowanej przez szkołę oraz stażu uczniowskiego, októrym mowa wart. 121a ustawy zdnia 14grudnia 2016r. –Prawo oświatowe;”;","in §3 point 2 is replaced by the following: ""2) in the case of schools providing vocational training - the suspension also applies to classes carried out within the framework of practical vocational training organized by the school and student internship, referred to in Art. 121a of the Act of December 14, 2016. –Education law; ”;",,,,,FALSE,,,0,,,,FALSE,,,,,,,,,,,,,FALSE,,,,,,,,,FALSE,,,,,,,,,,,,,TRUE,,,,,,1,,,,,,,,,,,,,FALSE,,,,,,,FALSE,,,,,,,,,,FALSE,FALSE,0,FALSE,0,FALSE,0,FALSE,0,FALSE,0,,,,FALSE,,FALSE,,,,,,FALSE,,,,FALSE,FALSE,,FALSE,FALSE,FALSE,,,,,
61,PL10059,POL100061,09-Apr-20,POLAND,POL,0,,,,,"3)po §4b dodaje się §4c wbrzmieniu:„§4c.Przepis §3a stosuje się również do wychowanków młodzieżowego ośrodka wychowawczego, którzy uzyskali zgodę na urlopowanie zgodnie zprzepisami  wydanymi  na  podstawie  art.  81  ustawy  zdnia  26października 1982r. opostępowaniu wsprawach nieletnich (Dz.U. z2018r. poz.969) inie przebywają wmłodzieżowym ośrodku wychowawczym.”","3) after §4b, §4c is added to the wording: ""§4c. The provision of §3a also applies to charges of a youth educational center who have obtained leave consent in accordance with the provisions issued under Art. 81 of the Act of October 26, 1982. in the proceedings in juvenile cases (Journal of Laws of 2018, item 969) and they are not staying in the youth educational center. """,,,,,FALSE,,,0,,,,FALSE,,,,,,,,,,,,,FALSE,,,,,,,,,FALSE,,,,,,,,,,,,,TRUE,,,,,,,1,,,,,,,,,,,,FALSE,,,,,,,FALSE,,,,,,,,,,FALSE,FALSE,0,FALSE,0,FALSE,0,FALSE,0,FALSE,0,,,,FALSE,,FALSE,,,,,,FALSE,,,,FALSE,FALSE,,FALSE,FALSE,FALSE,,,,,
62,PL10061,POL100062,09-Apr-20,POLAND,POL,0,,,,ROZPORZĄDZENIE RADY MINISTRÓW z dnia 9 kwietnia 2020 r.w sprawie zakazów w ruchu lotniczym,ROZPORZĄDZENIE RADY MINISTRÓW z dnia 9 kwietnia 2020 r.w sprawie zakazów w ruchu lotniczym,"REGULATION OF THE COUNCIL OF MINISTERS of April 9, 2020 on air traffic bans",,,,,FALSE,,,0,,,,FALSE,,,,,,,,,,,,,FALSE,,,,,,,,,FALSE,,,,,,,,,,,,,TRUE,,,,,,,,,,,,,,100,,,,,FALSE,,,,,,,FALSE,,,,,,,,,,FALSE,FALSE,0,FALSE,0,FALSE,0,FALSE,0,FALSE,0,,,,FALSE,,FALSE,,,,,,FALSE,,,,FALSE,FALSE,,FALSE,FALSE,FALSE,,,,,
63,PL10061,POL100063,09-Apr-20,POLAND,POL,0,,,,,"§1 It is prohibited to perform, at airports entered in the register of civil airports and landing sites entered in the register of landing areas, landing of civil aircraft carrying passengers on international flights","§1.Wprowadza  się  zakaz  wykonywania,  na  lotniskach  wpisanych  do  rejestru  lotnisk  cywilnych  ilądowiskachwpisanych do ewidencji lądowisk, lądowania przewożących pasażerów cywilnych statków powietrznych wykonujących loty międzynarodow",,,,,FALSE,,,0,,,,FALSE,,,,,,,,,,,,,FALSE,,,,,,,,,FALSE,,,,,,,,,,,,,TRUE,,,,,,,,,,,,,,,,100,,,FALSE,,,,,,,FALSE,,,,,,,,,,FALSE,FALSE,0,FALSE,0,FALSE,0,FALSE,0,FALSE,0,,,,FALSE,,FALSE,,,,,,FALSE,,,,FALSE,FALSE,,FALSE,FALSE,FALSE,,,,,
64,PL10061,POL100064,09-Apr-20,POLAND,POL,0,,,,,§2 There is a ban on commercial landing at airports entered in the register of civil airports and landing sites entered in the register of landing sites by aircrafts performing domestic flights,"§2.Wprowadza  się  zakaz  wykonywania,  na  lotniskach  wpisanych  do  rejestru  lotnisk  cywilnych  ilądowiskachwpisanych do ewidencji lądowisk, lądowania handlowego przez statki powietrzne wykonujące loty  wruchu  krajowym",,,,,FALSE,,,0,,,,FALSE,,,,,,,,,,,,,FALSE,,,,,,,,,FALSE,,,,,,,,,,,,,TRUE,,,,,,,,,,,,,,,,100,,,FALSE,,,,,,,FALSE,,,,,,,,,,FALSE,FALSE,0,FALSE,0,FALSE,0,FALSE,0,FALSE,0,,,,FALSE,,FALSE,,,,,,FALSE,,,,FALSE,FALSE,,FALSE,FALSE,FALSE,,,,,
65,PL10064,POL100065,10-Apr-20,POLAND,POL,0,,,,ROZPORZĄDZENIE MINISTRA SPRAW WEWNĘTRZNYCH   I   ADMINISTRACJI z dnia 9 kwietnia 2020r. zmieniające rozporządzenie wsprawie przywrócenia tymczasowo kontroli granicznej osób przekraczających granicę państwową stanowiącą granicę wewnętrzną,ROZPORZĄDZENIE MINISTRA SPRAW WEWNĘTRZNYCH   I   ADMINISTRACJI z dnia 9 kwietnia 2020r. zmieniające rozporządzenie wsprawie przywrócenia tymczasowo kontroli granicznej osób przekraczających granicę państwową stanowiącą granicę wewnętrzną,"REGULATION OF THE MINISTER OF INTERNAL AFFAIRS AND ADMINISTRATION of April 9, 2020 amending the regulation on the temporary reintroduction of border control of persons crossing the state border constituting an internal border",,,,,FALSE,,,0,,,,FALSE,,,,,,,,,,,,,FALSE,,,,,,,,,FALSE,,,,,,,,,,,,,FALSE,,,,,,,,,,,0,,,,,,,,FALSE,,,,,,,FALSE,,,,,,,,,,FALSE,FALSE,0,FALSE,0,FALSE,0,FALSE,0,FALSE,0,,,,FALSE,,FALSE,,,,,,FALSE,,,,FALSE,FALSE,,FALSE,FALSE,FALSE,,,,,
66,PL10064,POL100066,10-Apr-20,POLAND,POL,0,,,,,"1)po ust.1a dodaje się ust.1b wbrzmieniu:„1b.Kontrolę graniczną osób, przywróconą tymczasowo na okres, októrym mowa wust.1  i1a, przedłuża się na okres od dnia 14kwietnia 2020r. do dnia 3maja 2020r.”;","1)po ust.1a dodaje się ust.1b wbrzmieniu:„1b.Kontrolę graniczną osób, przywróconą tymczasowo na okres, októrym mowa wust.1  i1a, przedłuża się na okres od dnia 14kwietnia 2020r. do dnia 3maja 2020r.”;",Extension in time,,,,FALSE,,,0,,,,FALSE,,,,,,,,,,,,,FALSE,,,,,,,,,FALSE,,,,,,,,,,,,,FALSE,,,,,,,,,,,1,,,,,,,,FALSE,,,,,,,FALSE,,,,,,,,,,FALSE,FALSE,0,FALSE,0,FALSE,0,FALSE,0,FALSE,0,,,,FALSE,,FALSE,,,,,,FALSE,,,,FALSE,FALSE,,FALSE,FALSE,FALSE,,,,,
67,PL10064,POL100067,10-Apr-20,POLAND,POL,0,,,,,"2)ust. 2otrzymuje brzmienie:„2.Zakres  kontroli,  októrej mowa wust.1–1b, wtym możliwość jej ograniczenia na zasadach określonych wkodeksie  granicznymSchengen, będzie dostosowany odpowiednio do stopnia zagrożenia porządku publicznego lub bezpieczeństwa państwa","2) paragraph 2 shall read as follows: ""2. The scope of control referred to in sections 1–1b, including the possibility of limiting it on the principles set out in the Schengen Border Code, will be adapted to the degree of threat to public order or state",,,,,FALSE,,,0,,,,FALSE,,,,,,,,,,,,,FALSE,,,,,,,,,FALSE,,,,,,,,,,,,,FALSE,,,,,,,,,,,1,,,,,,,,FALSE,,,,,,,FALSE,,,,,,,,,,FALSE,FALSE,0,FALSE,0,FALSE,0,FALSE,0,FALSE,0,,,,FALSE,,FALSE,,,,,,FALSE,,,,FALSE,FALSE,,FALSE,FALSE,FALSE,,,,,
68,PL10066,POL100068,10-Apr-20,POLAND,POL,0,,,,ROZPORZĄDZENIE MINISTRA SPRAW WEWNĘTRZNYCH I ADMINISTRACJI z dnia 10 kwietnia 2020r.w sprawie czasowego ograniczenia funkcjonowania uczelni służb państwowych,ROZPORZĄDZENIE MINISTRA SPRAW WEWNĘTRZNYCH I ADMINISTRACJI z dnia 10 kwietnia 2020r.w sprawie czasowego ograniczenia funkcjonowania uczelni służb państwowych,"REGULATION OF THE MINISTER OF INTERNAL AFFAIRS AND ADMINISTRATION of April 10, 2020 on the temporary limitation of the operation of state services universities",,,,,FALSE,,,0,,,,FALSE,,,,,,,,,,,,,FALSE,,,,,,,,,FALSE,,,,,,,,,,,,,FALSE,,,,,,,100,,,,,,,,,,,,FALSE,,,,,,,FALSE,,,,,,,,,,FALSE,FALSE,0,FALSE,0,FALSE,0,FALSE,0,FALSE,0,,,,FALSE,,FALSE,,,,,,FALSE,,,,FALSE,FALSE,,FALSE,FALSE,FALSE,,,,,
69,PL10066,POL100069,10-Apr-20,POLAND,POL,0,,,,,§1.1.W okresie od dnia 11kwietnia 2020r. do dnia 26kwietnia 2020r. ogranicza się funkcjonowanie uczelni służb państwowych nadzorowanych przez ministra właściwego do spraw wewnętrznych przez zawieszenie kształcenia:1)na studiach; 2)na studiach podyplomowych; 3)w innych formach.,"§1.1 In the period from April 11, 2020 until April 26, 2020 the functioning of higher education institutions of state services supervised by the minister responsible for internal affairs is limited by the suspension of education: 1) during studies; 2) at postgraduate studies; 3) in other forms.",,,,,FALSE,,,0,,,,FALSE,,,,,,,,,,,,,FALSE,,,,,,,,,FALSE,,,,,,,,,,,,,FALSE,,,,,,,100,,,,,,,,,,,,FALSE,,,,,,,FALSE,,,,,,,,,,FALSE,FALSE,0,FALSE,0,FALSE,0,FALSE,0,FALSE,0,,,,FALSE,,FALSE,,,,,,FALSE,,,,FALSE,FALSE,,FALSE,FALSE,FALSE,,,,,
70,PL10066,POL100070,10-Apr-20,POLAND,POL,0,,,,,"2. W okresie zawieszenia kształcenia zajęcia mogą być realizowane zwykorzystaniem metod itechnik kształcenia na odległość, niezależnie od tego, czy zostało to przewidziane wprogramie tego kształcenia.","2. During the period of suspension of education, classes may be carried out with the use of distance learning methods and techniques, regardless of whether it was provided for in the curriculum of this education.",,,,,FALSE,,,0,,,,FALSE,,,,,,,,,,,,,FALSE,,,,,,,,,FALSE,,,,,,,,,,,,,FALSE,,,,,,,100,,,,,,,,,,,,FALSE,,,,,,,FALSE,,,,,,,,,,FALSE,FALSE,0,FALSE,0,FALSE,0,FALSE,0,FALSE,0,,,,FALSE,,FALSE,,,,,,FALSE,,,,FALSE,FALSE,,FALSE,FALSE,FALSE,,,,,
71,PL10066,POL100071,10-Apr-20,POLAND,POL,0,,,,,"3. W przypadku prowadzenia zajęć wsposób określony w ust.2 weryfikacja osiągniętych efektów uczenia się okreś-lonych  wprogramie danego kształcenia może odbywać się poza siedzibą uczelni, zwykorzystaniem technologii informatycznych zapewniających kontrolę przebiegu weryfikacji osiągniętych efektów uczenia się oraz jego rejestrację.","3. In the case of conducting classes in the manner specified in section 2, the verification of the achieved learning outcomes specified in the curriculum of a given education may take place outside the seat of the university, with the use of IT technologies ensuring control of the verification of the achieved learning outcomes and its registration.",,,,,FALSE,,,0,,,,FALSE,,,,,,,,,,,,,FALSE,,,,,,,,,FALSE,,,,,,,,,,,,,FALSE,,,,,,,100,,,,,,,,,,,,FALSE,,,,,,,FALSE,,,,,,,,,,FALSE,FALSE,0,FALSE,0,FALSE,0,FALSE,0,FALSE,0,,,,FALSE,,FALSE,,,,,,FALSE,,,,FALSE,FALSE,,FALSE,FALSE,FALSE,,,,,
72,PL10066,POL100072,10-Apr-20,POLAND,POL,0,,,,,"2.W okresie  zawieszenia  kształcenia  można  zawiesić  czynności  wpostępowaniach  wsprawie   nadania   stopni itytułów naukowych, wprzypadku braku możliwości podejmowania uchwał wgłosowaniu tajnym.","2. During the period of suspension of education, activities related to the awarding of scientific degrees and titles may be suspended, if it is not possible to pass resolutions by secret ballot.",,,,,FALSE,,,0,,,,FALSE,,,,,,,,,,,,,FALSE,,,,,,,,,FALSE,,,,,,,,,,,,,FALSE,,,,,,,100,,,,,,,,,,,,FALSE,,,,,,,FALSE,,,,,,,,,,FALSE,FALSE,0,FALSE,0,FALSE,0,FALSE,0,FALSE,0,,,,FALSE,,FALSE,,,,,,FALSE,,,,FALSE,FALSE,,FALSE,FALSE,FALSE,,,,,
73,PL10068,POL100073,10-Apr-20,POLAND,POL,0,,,,"ROZPORZĄDZENIE MINISTRA EDUKACJI NARODOWEJ z dnia 10 kwietnia 2020r. zmieniające rozporządzenie wsprawie szczególnych rozwiązań wokresie czasowego ograniczenia funkcjonowania jednostek systemu oświaty wzwiązku z zapobieganiem, przeciwdziałaniem izwalczaniem COVID-19","ROZPORZĄDZENIE MINISTRA EDUKACJI NARODOWEJ z dnia 10 kwietnia 2020r. zmieniające rozporządzenie wsprawie szczególnych rozwiązań wokresie czasowego ograniczenia funkcjonowania jednostek systemu oświaty wzwiązku z zapobieganiem, przeciwdziałaniem izwalczaniem COVID-19","REGULATION OF THE MINISTER OF NATIONAL EDUCATION of April 10, 2020. amending the regulation on special solutions for the temporary limitation of the functioning of education system units in connection with the prevention, prevention and combating of COVID-19",,,,,FALSE,,,0,,,,FALSE,,,,,,,,,,,,,FALSE,,,,,,,,,FALSE,,,,,,,,,,,,,FALSE,,,,,,0,0,,,,,,,,,,,,FALSE,,,,,,,FALSE,,,,,,,,,,FALSE,FALSE,0,FALSE,0,FALSE,0,FALSE,0,FALSE,0,,,,FALSE,,FALSE,,,,,,FALSE,,,,FALSE,FALSE,,FALSE,FALSE,FALSE,,,,,
74,PL10068,POL100074,10-Apr-20,POLAND,POL,0,,,,,"a)w ust. 1 zdanie pierwsze otrzymuje brzmienie:„W przypadku praktyk zawodowych uczniów technikum iszkoły policealnej, zaplanowanych do zrealizowania wokresie, wktórym wprowadzono czasowe ograniczenie funkcjonowania jednostek systemu oświaty, praktyki te realizuje się do końca roku szkolnego 2019/2020 lub wklasach (semestrach) programowo wyższych.”","a) in sec. 1, the first sentence is replaced by the following: ""In the case of apprenticeships for students of technical secondary schools and post-secondary schools, planned to be carried out in the period in which the functioning of the education system units has been temporarily limited, these apprenticeships are carried out until the end of the 2019/2020 school year or in higher curricular classes (semesters).""",,,,,FALSE,,,0,,,,FALSE,,,,,,,,,,,,,FALSE,,,,,,,,,FALSE,,,,,,,,,,,,,FALSE,,,,,,1,1,,,,,,,,,,,,FALSE,,,,,,,FALSE,,,,,,,,,,FALSE,FALSE,0,FALSE,0,FALSE,0,FALSE,0,FALSE,0,,,,FALSE,,FALSE,,,,,,FALSE,,,,FALSE,FALSE,,FALSE,FALSE,FALSE,,,,,
75,PL10068,POL100075,10-Apr-20,POLAND,POL,0,,,,,"2)w §11b dotychczasową treść oznaczasię jako ust. 1 idodaje się ust. 2–9 wbrzmieniu:„2.Postępowanie  rekrutacyjne  na  rok  szkolny  2020/2021do  klas  Ipublicznych  szkół  ponadpodstawowych iklas wstępnych, októrych mowa wart. 25ust. 3 ustawy zdnia 14grudnia 2016r. –Prawo oświatowe, zwyjątkiem publicznych szkół policealnych, publicznych branżowych szkół II stopnia oraz publicznych szkół dla dorosłych, jest przeprowadzane wnowych terminach określonych przez ministra właściwego do spraw oświaty iwychowania. Nowe terminy postępowania rekrutacyjnego, atakże terminy składania dokumentów są podawane do publicznej wiadomości na stronie internetowej urzędu obsługującego ministra właściwego do spraw oświaty iwychowania.","2) in §11b, the current content is marked as para. 1 and paragraph is added. 2-9 in the wording: ""2.The recruitment procedure for the school year 2020/2021 to grades I of public secondary schools and entrance classes, referred to in Art. 25 sec. 3 of the Act of December 14, 2016. - Educational law, with the exception of public post-secondary schools, public sectoral secondary schools and public schools for adults, is carried out on new dates specified by the minister responsible for education. The new deadlines for the recruitment procedure as well as the deadlines for submitting documents are made public on the website of the office supporting the minister responsible for education.",,,,,FALSE,,,0,,,,FALSE,100,,,,,,,,,,,,FALSE,,,,,,,,,FALSE,,,,,,,,,,,,,FALSE,,,,,,1,,,,,,,,,,,,,FALSE,,,,,,,FALSE,,,,,,,,,,FALSE,FALSE,0,FALSE,0,FALSE,0,FALSE,0,FALSE,0,,,,FALSE,,FALSE,,,,,,FALSE,,,,FALSE,FALSE,,FALSE,FALSE,FALSE,,,,,
76,PL10070,POL100076,10-Apr-20,POLAND,POL,0,,,,"ROZPORZĄDZENIE RADY MINISTRÓW z dnia 15 kwietnia 2020 r.zmieniające rozporządzenie w sprawie ustanowienia określonych ograniczeń, nakazów i zakazów wzwiązku zwystąpieniem stanu epidemii","ROZPORZĄDZENIE RADY MINISTRÓW z dnia 15 kwietnia 2020 r.zmieniające rozporządzenie w sprawie ustanowienia określonych ograniczeń, nakazów i zakazów wzwiązku zwystąpieniem stanu epidemii","REGULATION OF THE COUNCIL OF MINISTERS of April 15, 2020 amending the regulation on the establishment of certain restrictions, orders and prohibitions in relation to the occurrence of an epidemic",,,,,FALSE,,,0,,,,FALSE,0,,,,,,,,,,,,FALSE,,,,,,,,,FALSE,,,,,,,,,,,,,FALSE,,,,,,,,,,,,,,,,,,,FALSE,,,,,,,FALSE,,,,,,,,,,FALSE,FALSE,0,FALSE,0,FALSE,0,FALSE,0,FALSE,0,,,,FALSE,,FALSE,,,,,,FALSE,,,,FALSE,FALSE,,FALSE,FALSE,FALSE,,,,,
77,PL10070,POL100077,10-Apr-20,POLAND,POL,0,,,,,"„§18.1. Od dnia 16 kwietnia 2020 r. do odwołania nakłada się obowiązek zakrywania, przy pomocy odzieży lub jej części, maski albo maseczki, ust i nosa:","§18.1. From April 16, 2020, until further notice, the obligation to cover the mouth and nose with clothing or its parts, mask or mask,",,,,,FALSE,,,0,,,,FALSE,,,,,,,,,,,,,FALSE,,,,,,,,,TRUE,1,,,,,,,,,,,,FALSE,,,,,,,,,,,,,,,,,,,FALSE,,,,,,,FALSE,,,,,,,,,,FALSE,FALSE,0,FALSE,0,FALSE,0,FALSE,0,FALSE,0,,,,FALSE,,FALSE,,,,,,FALSE,,,,FALSE,FALSE,,FALSE,FALSE,FALSE,,,,,
78,PL10070,POL100078,10-Apr-20,POLAND,POL,0,,,,,"3.Osoba  wykonująca  czynności  zawodowe  wobiektach handlowych  lub  usługowych  lub  wplacówkach handlowych  lub  usługowych  może  wczasie  wykonywania  tych  czynności  zawodowych  realizować  obowiązek, októrym mowa wust.1,  przez  zakrywanie  ust  i nosa przy pomocy przyłbicy, jeżeli wszystkie stanowiska kasowe lubmiejsca  prowadzenia  sprzedaży  lub  świadczenia  usług  wdanym  obiekcie  lub  placówce  są  oddzielone  od klientów dodatkową przesłoną ochronną.","3. A person performing professional activities in commercial or service facilities or commercial or service outlets may, during the performance of these professional activities, fulfill the obligation referred to in paragraph 1, by covering the mouth and nose with a visor, if all cash points or places of sale or service provision are the facility or facility is separated from the customers by an additional protective screen.",,,,,FALSE,,,0,,,,FALSE,,,,,,,,,,,,,FALSE,,,,,,,,,TRUE,1,,,,,,,,,,,,FALSE,,,,,,,,,,,,,,,,,,,FALSE,,,,,,,FALSE,,,,,,,,,,FALSE,FALSE,0,FALSE,0,FALSE,0,FALSE,0,FALSE,0,,,,FALSE,,FALSE,,,,,,FALSE,,,,FALSE,FALSE,,FALSE,FALSE,FALSE,,,,,
79,PL10070,POL100079,10-Apr-20,POLAND,POL,0,,,,,"4.Osoba ma obowiązek odkrycia ust i nosa na żądanie:1)organów uprawnionych wprzypadku legitymowania tej osoby wcelu ustalenia jej tożsamości;2)innej osoby wzwiązku ze świadczeniem przez nią usług lub wykonywaniem czynności zawodowychlub służ-bowych, wtym wprzypadku konieczności identyfikacji lub weryfikacji tożsamości danej osoby.”.","4. A person is required to uncover his mouth and nose at the request of: 1) authorized bodies in the case of identifying this person in order to establish his identity; 2) another person in connection with the provision of services or the performance of professional or official activities, including in the case of the need to identify or verify identity of the person.",,,,,FALSE,,,0,,,,FALSE,,,,,,,,,,,,,FALSE,,,,,,,,,TRUE,1,,,,,,,,,,,,FALSE,,,,,,,,,,,,,,,,,,,FALSE,,,,,,,FALSE,,,,,,,,,,FALSE,FALSE,0,FALSE,0,FALSE,0,FALSE,0,FALSE,0,,,,FALSE,,FALSE,,,,,,FALSE,,,,FALSE,FALSE,,FALSE,FALSE,FALSE,,,,,
80,PL10075,POL100080,24-Apr-20,POLAND,POL,0,,,,ROZPORZĄDZENIE MINISTRA SPRAW WEWNĘTRZNYCH I ADMINISTRACJI z dnia 24 kwietnia 2020 r.zmieniające rozporządzenie wsprawie czasowego ograniczenia funkcjonowania uczelni służb państwowych,ROZPORZĄDZENIE MINISTRA SPRAW WEWNĘTRZNYCH I ADMINISTRACJI z dnia 24 kwietnia 2020 r.zmieniające rozporządzenie wsprawie czasowego ograniczenia funkcjonowania uczelni służb państwowych,REGULATION OF THE MINISTER OF INTERNAL AFFAIRS AND ADMINISTRATION of 24 April 2020 amending the regulation on the temporary limitation of the operation of state services universities,,,,,FALSE,,,0,,,,FALSE,,,,,,,,,,,,,FALSE,,,,,,,,,FALSE,,,,,,,,,,,,,FALSE,,,,,,,0,,,,,,,,,,,,FALSE,,,,,,,FALSE,,,,,,,,,,FALSE,FALSE,0,FALSE,0,FALSE,0,FALSE,0,FALSE,0,,,,FALSE,,FALSE,,,,,,FALSE,,,,FALSE,FALSE,,FALSE,FALSE,FALSE,,,,,
81,PL10075,POL100081,24-Apr-20,POLAND,POL,0,,,,,§1.W rozporządzeniu Ministra Spraw Wewnętrznych i Administracji  z dnia  10 kwietnia 2020r.  w sprawie  czasowegoograniczenia funkcjonowania uczelni służb państwowych (Dz.U. poz.654) w§1:1)w ust.1we wprowadzeniu do wyliczenia wyrazy „26kwietnia 2020r.” zastępuje się wyrazami „24maja 2020r.”;,"§1 In the Regulation of the Minister of Interior and Administration of April 10, 2020 on the temporary limitation of the functioning of higher education institutions of state services (Journal of Laws item 654) in §1: 1) in the introduction to the enumeration of the words ""April 26, 2020"" shall be replaced by the words ""May 24, 2020"";",,,,,FALSE,,,0,,,,FALSE,,,,,,,,,,,,,FALSE,,,,,,,,,FALSE,,,,,,,,,,,,,FALSE,,,,,,,1,,,,,,,,,,,,FALSE,,,,,,,FALSE,,,,,,,,,,FALSE,FALSE,0,FALSE,0,FALSE,0,FALSE,0,FALSE,0,,,,FALSE,,FALSE,,,,,,FALSE,,,,FALSE,FALSE,,FALSE,FALSE,FALSE,,,,,
82,PL10075,POL100082,24-Apr-20,POLAND,POL,0,,,,,"2)ust. 3 otrzymuje brzmienie: „3.Wprzypadku prowadzenia zajęć wsposób określony wust.2weryfikacja osiągniętych efektów uczenia się określonych wprogramie danego kształcenia, wszczególności przeprowadzenie zaliczeń iegzaminów kończących określone zajęcia oraz egzaminów dyplomowych, może odbywać się poza siedzibą uczelni, zwykorzystaniem technologii informatycznych zapewniających kontrolę przebiegu weryfikacji osiągniętych efektów uczenia się oraz jego rejestrację.”.","2) sec. 3 shall read as follows: ""3. In the case of conducting classes in the manner specified in clause 2, verification of the achieved learning outcomes specified in the curriculum of a given education, in particular conducting credits and examinations at the end of specific classes and diploma examinations, may take place outside the seat of the university, with the use of IT technologies ensuring control of the verification of learning outcomes and its registration.",,,,,FALSE,,,0,,,,FALSE,,,,,,,,,,,,,FALSE,,,,,,,,,FALSE,,,,,,,,,,,,,FALSE,,,,,,,1,,,,,,,,,,,,FALSE,,,,,,,FALSE,,,,,,,,,,FALSE,FALSE,0,FALSE,0,FALSE,0,FALSE,0,FALSE,0,,,,FALSE,,FALSE,,,,,,FALSE,,,,FALSE,FALSE,,FALSE,FALSE,FALSE,,,,,
83,PL10077,POL100083,24-Apr-20,POLAND,POL,0,,,,"ROZPORZĄDZENIE MINISTRA EDUKACJI NARODOWEJ z dnia 24 kwietnia 2020r. zmieniające rozporządzenie wsprawie czasowego ograniczenia funkcjonowania jednostek systemu oświaty wzwiązku z zapobieganiem, przeciwdziałaniem izwalczaniem COVID-19","ROZPORZĄDZENIE MINISTRA EDUKACJI NARODOWEJ z dnia 24 kwietnia 2020r. zmieniające rozporządzenie wsprawie czasowego ograniczenia funkcjonowania jednostek systemu oświaty wzwiązku z zapobieganiem, przeciwdziałaniem izwalczaniem COVID-19","REGULATION OF THE MINISTER OF NATIONAL EDUCATION of April 24, 2020. amending the regulation on the temporary limitation of the functioning of education system units in connection with the prevention, counteracting and combating COVID-19",,,,,FALSE,,,0,,,,FALSE,,,,,,,,,,,,,FALSE,,,,,,,,,FALSE,,,,,,,,,,,,,FALSE,,,,,,0,,,,,,,,,,,,,FALSE,,,,,,,FALSE,,,,,,,,,,FALSE,FALSE,0,FALSE,0,FALSE,0,FALSE,0,FALSE,0,,,,FALSE,,FALSE,,,,,,FALSE,,,,FALSE,FALSE,,FALSE,FALSE,FALSE,,,,,
84,PL10077,POL100084,24-Apr-20,POLAND,POL,0,,,,,"§1.W rozporządzeniu Ministra Edukacji Narodowejzdnia 11 marca 2020r. w sprawie czasowego ograniczenia funkcjonowania jednostek systemu oświaty w związku z zapobieganiem, przeciwdziałaniem i zwalczaniem COVID-19 (Dz.U.poz.410,492,595i642) użyte w§2wust.1i1a,w§3w pkt3,w §3a w ust.1i3orazw§4a wyrazy „26kwietnia 2020r.” zastępuje się wyrazami „24maja 2020r.”","§1 In the Regulation of the Minister of National Education on March 11, 2020 on the temporary limitation of the functioning of education system units in connection with the prevention, counteraction and combating of COVID-19 (Journal of Laws, item 410,492,595 and 642), used in §2 in paragraphs 1 and 1a, in §3 in point 3, in §3 paragraph 1 and 3 and in §4 the words ""April 26, 2020. "" shall be replaced by the words ""May 24, 2020""",,,,,FALSE,,,0,,,,FALSE,,,,,,,,,,,,,FALSE,,,,,,,,,FALSE,,,,,,,,,,,,,FALSE,,,,,,,1,,,,,,,,,,,,FALSE,,,,,,,FALSE,,,,,,,,,,FALSE,FALSE,0,FALSE,0,FALSE,0,FALSE,0,FALSE,0,,,,FALSE,,FALSE,,,,,,FALSE,,,,FALSE,FALSE,,FALSE,FALSE,FALSE,,,,,
85,PL10080,POL100085,24-Apr-20,POLAND,POL,0,,,,"ROZPORZĄDZENIE MINISTRA   KULTURY   I   DZIEDZICTWA   NARODOWEGO z dnia 24 kwietnia 2020r. zmieniające rozporządzenie wsprawie czasowego ograniczenia funkcjonowania uczelni artystycznych w związku z zapobieganiem, przeciwdziałaniem i zwalczaniem COVID-19","ROZPORZĄDZENIE MINISTRA   KULTURY   I   DZIEDZICTWA   NARODOWEGO z dnia 24 kwietnia 2020r. zmieniające rozporządzenie wsprawie czasowego ograniczenia funkcjonowania uczelni artystycznych w związku z zapobieganiem, przeciwdziałaniem i zwalczaniem COVID-19","REGULATION OF THE MINISTER OF CULTURE AND NATIONAL HERITAGE of April 24, 2020. amending the regulation on the temporary limitation of the functioning of art universities in connection with the prevention, prevention and combating of COVID-19",,,,,FALSE,,,0,,,,FALSE,,,,,,,,,,,,,FALSE,,,,,,,,,FALSE,,,,,,,,,,,,,FALSE,,,,,,,0,,,,,,,,,,,,FALSE,,,,,,,FALSE,,,,,,,,,,FALSE,FALSE,0,FALSE,0,FALSE,0,FALSE,0,FALSE,0,,,,FALSE,,FALSE,,,,,,FALSE,,,,FALSE,FALSE,,FALSE,FALSE,FALSE,,,,,
86,PL10080,POL100086,24-Apr-20,POLAND,POL,0,,,,,"§ 1. W rozporządzeniu Ministra Kultury i Dziedzictwa Narodowego z dnia 9 kwietnia 2020 r. w sprawie czasowego
ograniczenia funkcjonowania uczelni artystycznych w związku z zapobieganiem, przeciwdziałaniem i zwalczaniem COVID-19
(Dz. U. poz. 641) w § 1:
1) w ust. 1 we wprowadzeniu do wyliczenia wyrazy „26 kwietnia 2020 r.” zastępuje się wyrazami „24 maja 2020 r.”;","§ 1. In the regulation of the Minister of Culture and National Heritage of April 9, 2020 on temporary
restrictions on the functioning of art universities in connection with the prevention, counteraction and combating COVID-19
(Journal of Laws item 641) in § 1:
1) in sec. 1 in the introduction to the enumeration, the words ""April 26, 2020"" shall be replaced by the words ""24 May 2020"";",,,,,FALSE,,,0,,,,FALSE,,,,,,,,,,,,,FALSE,,,,,,,,,FALSE,,,,,,,,,,,,,FALSE,,,,,,,1,,,,,,,,,,,,FALSE,,,,,,,FALSE,,,,,,,,,,FALSE,FALSE,0,FALSE,0,FALSE,0,FALSE,0,FALSE,0,,,,FALSE,,FALSE,,,,,,FALSE,,,,FALSE,FALSE,,FALSE,FALSE,FALSE,,,,,
87,PL10080,POL100087,24-Apr-20,POLAND,POL,0,,,,,"2) ust. 3 otrzymuje brzmienie:
„3. W przypadku prowadzenia zajęć w sposób określony w ust. 2 weryfikacja osiągniętych efektów uczenia się określonych w programie danego kształcenia, w szczególności przeprowadzenie zaliczeń i egzaminów kończących określone zajęcia oraz egzaminów dyplomowych, może odbywać się poza siedzibą uczelni artystycznej lub poza jej filią, z wykorzystaniem technologii informatycznych zapewniających kontrolę przebiegu weryfikacji osiągniętych efektów uczenia się oraz jego rejestrację.”.","2) paragraph 3 is replaced by the following:
""3. In the case of conducting classes in the manner specified in para. 2 verification of the achieved learning outcomes specified in the curriculum of a given education, in particular conducting credits and examinations at the end of specific classes and diploma examinations, may take place outside the headquarters of an art university or outside its branch, with the use of information technologies ensuring control of the verification of the achieved learning outcomes, and its registration. ”.",,,,,FALSE,,,0,,,,FALSE,,,,,,,,,,,,,FALSE,,,,,,,,,FALSE,,,,,,,,,,,,,FALSE,,,,,,,1,,,,,,,,,,,,FALSE,,,,,,,FALSE,,,,,,,,,,FALSE,FALSE,0,FALSE,0,FALSE,0,FALSE,0,FALSE,0,,,,FALSE,,FALSE,,,,,,FALSE,,,,FALSE,FALSE,,FALSE,FALSE,FALSE,,,,,
88,PL10083,POL100088,24-Apr-20,POLAND,POL,0,,,,"ROZPORZĄDZENIE MINISTRA NAUKI I SZKOLNICTWA WYŻSZEGO z dnia 27 kwietnia 2020 r. w sprawie czasowego ograniczenia funkcjonowania korporacji uczonych i jednostek naukowych Polskiej Akademii Nauk w związku z zapobieganiem, przeciwdziałaniem i zwalczaniem COVID-19","ROZPORZĄDZENIE MINISTRA NAUKI I SZKOLNICTWA WYŻSZEGO z dnia 27 kwietnia 2020 r. w sprawie czasowego ograniczenia funkcjonowania korporacji uczonych i jednostek naukowych Polskiej Akademii Nauk w związku z zapobieganiem, przeciwdziałaniem i zwalczaniem COVID-19","REGULATION OF THE MINISTER OF SCIENCE AND HIGHER EDUCATION of 27 April 2020 on the temporary limitation of the functioning of corporations of scientists and scientific units of the Polish Academy of Sciences in connection with the prevention, prevention and combating of COVID-19",,,,,FALSE,,,0,,,,FALSE,,,,,,,,,,,,,FALSE,,,,,,,,,FALSE,,,,,,,,,,,,,FALSE,,,,,,,100,,,,,,,,,,,,FALSE,,,,,,,FALSE,,,,,,,,,,FALSE,FALSE,0,FALSE,0,FALSE,0,FALSE,0,FALSE,0,,,,FALSE,,FALSE,,,,,,FALSE,,,,FALSE,FALSE,,FALSE,FALSE,FALSE,,,,,
89,PL10083,POL100089,24-Apr-20,POLAND,POL,0,,,,,"2) instytutów naukowych Akademii przez:
a) ograniczenie obowiązku świadczenia pracy przez pracowników tych instytutów na ich terenie, z wyłączeniem przypadków, gdy jest to niezbędne dla zapewnienia ciągłości funkcjonowania tych instytutów lub gdy instytuty te biorą udział w zapobieganiu, przeciwdziałaniu i zwalczaniu COVID-19,
b) zawieszenie kształcenia:","2) the Academy's research institutes by:
a) limitation of the obligation to work by employees of these institutes in their area, except for cases where it is necessary to ensure the continuity of the functioning of these institutes or when these institutes take part in preventing, counteracting and combating COVID-19,",,,,,FALSE,,,0,,,,FALSE,,,,,,,,,,,,,FALSE,,,,,,,,,FALSE,,,,,,,,,,,,,FALSE,,,,,,,100,,,100,,,,,,,,,FALSE,,,,,,,FALSE,,,,,,,,,,FALSE,FALSE,0,FALSE,0,FALSE,0,FALSE,0,FALSE,0,,,,FALSE,,FALSE,,,,,,FALSE,,,,FALSE,FALSE,,FALSE,FALSE,FALSE,,,,,
90,PL10083,POL100090,24-Apr-20,POLAND,POL,0,,,,,"2) instytutów naukowych Akademii przez: b) zawieszenie kształcenia:
– na studiach podyplomowych,
– w innych formach
– realizowanego w ramach zajęć;","2) the Academy's research institutes by: b) suspending education:
- in postgraduate studies,
- in other forms
- carried out as part of the classes;",,,,,FALSE,,,0,,,,FALSE,,,,,,,,,,,,,FALSE,,,,,,,,,FALSE,,,,,,,,,,,,,FALSE,,,,,,,100,,,,,,,,,,,,FALSE,,,,,,,FALSE,,,,,,,,,,FALSE,FALSE,0,FALSE,0,FALSE,0,FALSE,0,FALSE,0,,,,FALSE,,FALSE,,,,,,FALSE,,,,FALSE,FALSE,,FALSE,FALSE,FALSE,,,,,
91,PL10083,POL100091,24-Apr-20,POLAND,POL,0,,,,,"3) pomocniczych jednostek naukowych Akademii przez ograniczenie obowiązku świadczenia pracy przez pracowników
tych jednostek na ich terenie","3) auxiliary research units of the Academy by limiting the obligation to perform work by employees
these units within their area",,,,,FALSE,,,0,,,,FALSE,,,,,,,,,,,,,FALSE,,,,,,,,,FALSE,,,,,,,,,,,,,FALSE,,,,,,,,,,100,,,,,,,,,FALSE,,,,,,,FALSE,,,,,,,,,,FALSE,FALSE,0,FALSE,0,FALSE,0,FALSE,0,FALSE,0,,,,FALSE,,FALSE,,,,,,FALSE,,,,FALSE,FALSE,,FALSE,FALSE,FALSE,,,,,
92,PL10083,POL100092,24-Apr-20,POLAND,POL,0,,,,,"2. W okresie, o którym mowa w ust. 1, instytuty naukowe Akademii, które dysponują infrastrukturą i oprogramowaniem umożliwiającymi prowadzenie zajęć z wykorzystaniem metod i technik kształcenia na odległość, prowadzą zajęcia
z wykorzystaniem tych metod i technik, niezależnie od tego, czy zostało to przewidziane w programie danego kształcenia.","2. During the period referred to in sec. 1, the Academy's research institutes which have the infrastructure and software at their disposal to conduct classes with the use of distance learning methods and techniques, conduct classes
using these methods and techniques, whether or not it is foreseen in the curriculum of the given education.",,,,,FALSE,,,0,,,,FALSE,,,,,,,,,,,,,FALSE,,,,,,,,,FALSE,,,,,,,,,,,,,FALSE,,,,,,,100,,,,,,,,,,,,FALSE,,,,,,,FALSE,,,,,,,,,,FALSE,FALSE,0,FALSE,0,FALSE,0,FALSE,0,FALSE,0,,,,FALSE,,FALSE,,,,,,FALSE,,,,FALSE,FALSE,,FALSE,FALSE,FALSE,,,,,
93,PL10086,POL100093,24-Apr-20,POLAND,POL,0,,,,ROZPORZĄDZENIE MINISTRA SPRAW WEWNĘTRZNYCH I ADMINISTRACJI z dnia 28 kwietnia 2020 r. zmieniające rozporządzenie w sprawie przywrócenia tymczasowo kontroli granicznej osób przekraczających granicę państwową stanowiącą granicę wewnętrzną,ROZPORZĄDZENIE MINISTRA SPRAW WEWNĘTRZNYCH I ADMINISTRACJI z dnia 28 kwietnia 2020 r. zmieniające rozporządzenie w sprawie przywrócenia tymczasowo kontroli granicznej osób przekraczających granicę państwową stanowiącą granicę wewnętrzną,REGULATION OF THE MINISTER OF INTERNAL AFFAIRS AND ADMINISTRATION of 28 April 2020 amending the regulation on temporarily reintroducing border control of persons crossing the state border constituting an internal border,,,,,FALSE,,,0,,,,FALSE,,,,,,,,,,,,,FALSE,,,,,,,,,FALSE,,,,,,,,,,,,,FALSE,,,,,,,,,,,0,,,,,,,,FALSE,,,,,,,FALSE,,,,,,,,,,FALSE,FALSE,0,FALSE,0,FALSE,0,FALSE,0,FALSE,0,,,,FALSE,,FALSE,,,,,,FALSE,,,,FALSE,FALSE,,FALSE,FALSE,FALSE,,,,,
94,PL10086,POL100094,24-Apr-20,POLAND,POL,0,,,,,"1) po ust. 1b dodaje się ust. 1c w brzmieniu:
„1c. Kontrolę graniczną osób, przywróconą tymczasowo na okres, o którym mowa w ust. 1–1b, przedłuża się na
okres od dnia 4 maja 2020 r. do dnia 13 maja 2020 r.”;","1) after sec. 1b, the following paragraph shall be added: 1c as follows:
""1c. Border control of persons, temporarily reintroduced for the period referred to in sec. 1-1b, extends to
the period from 4 May 2020 to 13 May 2020 ';",,,,,FALSE,,,0,,,,FALSE,,,,,,,,,,,,,FALSE,,,,,,,,,FALSE,,,,,,,,,,,,,FALSE,,,,,,,,,,,1,,,,,,,,FALSE,,,,,,,FALSE,,,,,,,,,,FALSE,FALSE,0,FALSE,0,FALSE,0,FALSE,0,FALSE,0,,,,FALSE,,FALSE,,,,1,,FALSE,,,,FALSE,FALSE,,FALSE,FALSE,FALSE,,,,,
95,PL10086,POL100095,24-Apr-20,POLAND,POL,0,,,,,"2) ust. 2 otrzymuje brzmienie:
„2. Zakres kontroli, o której mowa w ust. 1–1c, w tym możliwość jej ograniczenia na zasadach określonych w kodeksie granicznym Schengen, będzie dostosowany odpowiednio do stopnia zagrożenia porządku publicznego lub bezpieczeństwa państwa","2) paragraph 2 is replaced by the following:
""2. The scope of the control referred to in para. 1-1c, including the possibility of limiting it on the principles set out in the Schengen Borders Code, will be adjusted to the degree of threat to public order or state security",,,,,FALSE,,,0,,,,FALSE,,,,,,,,,,,,,FALSE,,,,,,,,,FALSE,,,,,,,,,,,,,FALSE,,,,,,,,,,,1,,,,,,,,FALSE,,,,,,,FALSE,,,,,,,,,,FALSE,FALSE,0,FALSE,0,FALSE,0,FALSE,0,FALSE,0,,,,FALSE,,FALSE,,,,1,,FALSE,,,,FALSE,FALSE,,FALSE,FALSE,FALSE,,,,,
