id	text	event1	event2	event3	event4	event5	event6	event7	event8	event9
POL100001	wprowadza się następujące zmiany: 1)w §2 pkt3 otrzymuje brzmienie: „3)osoby, uktórych stwierdzono zachorowanie na chorobę wywołaną wirusem SARS-CoV-2(COVID-19) lub po-dejrzenie zachorowania, jeżeli nie zostały przez lekarza skierowane do leczenia lub diagnostyki laboratoryjnej wkierunku  wirusa  SARS-CoV-2  wramach  izolacji  odbywanej  poza  szpitalem,  wtym  izolacji  wwarunkach domowych.”	False	True	True	False	False	False	False	False	False
POL100002	pkt 3, do wskazanego szpitala oraz niezwłocznie informuje ten szpital otym fakcie, chyba że po dokonaniu oce-ny  stanu  klinicznego  tej  osoby  kieruje  ją  do  leczenia  lub  diagnostyki  laboratoryjnej  wkierunku  wirusa SARS-CoV-2 wramach izolacji odbywanej poza szpitalem, wtym izolacji wwarunkach domowych;”	False	False	True	False	False	False	False	False	False
POL100003	ROZPORZĄDZENIE MINISTRA   GOSPODARKI  MORSKIEJ I ŻEGLUGI ŚRÓDLĄDOWEJ z dnia 23 marca 2020r.w sprawie czasowego ograniczenia funkcjonowania uczelni morskich na obszarze Rzeczypospolitej Polskiej zpowodu zapobiegania zakażeniu wirusem SARS-CoV-2	False	False	False	True	False	False	False	False	False
POL100004	§1.1. Wokresie od dnia 26marca 2020r. do dnia 10kwietnia 2020r. na obszarze krajuogranicza się funkcjonowa-nie uczelni nadzorowanych przez ministra właściwego do spraw gospodarki morskiej przez:1)zawieszenie  wykładów  oraz  innych  zajęć  dydaktycznych  organizowanych  przez  Akademię  Morską  wSzczecinie iUniwersytet Morski wGdyni na obszarze Rzeczypospolitej Polskiej;	False	False	False	True	False	False	False	False	False
POL100005	2)ograniczenie obowiązku świadczenia pracy przez pracowników uczelni wymienionych wpkt1na ich terenie, zwyłą-czeniem przypadków, gdy jest to niezbędne do zapewnienia ciągłości funkcjonowania tych uczelni.	False	False	False	True	False	False	False	False	False
POL100006	2.Wokresie od dnia 26 marca 2020r. do dnia 10 kwietnia 2020r. uczelnia, októrej mowa wust.1, która dysponuje infrastrukturą ioprogramowaniem umożliwiającymi prowadzenie zajęć zwykorzystaniem  metod  itechnik kształcenia  na odległość,  prowadzi  zajęcia  zwykorzystaniem  tych  metod  itechnik  niezależnie  od  tego,  czy  zostało  to  przewidziane wprogramie danego kształcenia.	False	False	False	True	False	False	False	False	False
POL100007	§3.Uczelnia,  októrej mowa wust.1, która wokresie awieszenia wykładów oraz innych zajęć dydaktycznych pro-wadziła  zajęcia  zwykorzystaniem  metod  itechnik  kształcenia  na odległość,  może  kontynuować  prowadzenie  zajęć  wykorzystaniem  tych  metod  itechnik po zakończeniu okresu zawieszenia wykładów oraz innych zajęć dydaktycznych, nie dłużej jednak niż do dnia 30września 2020r.	False	False	False	False	False	False	False	False	False
POL100008	zmieniające rozporządzenie wsprawie przywrócenia tymczasowo kontroli granicznej osób przekraczających granicę państwową stanowiącą granicę wewnętrzną	False	False	False	False	False	False	False	False	False
POL100009	wprowadza się następujące zmiany: 1)w §2 :a)po ust.1dodaje się ust.1a wbrzmieniu:„1a.Kontrolę graniczną osób, przywróconą tymczasowo na okres, októrym mowa wust.1, przedłuża się na okres od dnia 25marca 2020r. do dnia 13kwietnia 2020r.”	False	False	False	False	False	False	True	False	False
POL100010	wprowadza się następujące zmiany: 1)w §2: b)u st.2 otrzymuje brzmienie:„2.Zakres kontroli, októrej mowa wust.1 i1a, wtym możliwość jej ograniczenia na zasadach określonych wkodeksie granicznym Schengen, będzie dostosowany odpowiednio do stopnia zagrożenia porządku publicznego lub  bezpieczeństwa  państwa  wzwiązku  zwystąpieniem  poważnego  zagrożenia  dla  zdrowia  publicznego wywołanego koronawirusem SARS-CoV-2, powodującym chorobę COVID-19.”	False	False	False	False	False	False	True	False	False
POL100011	ROZPORZĄDZENIE M I N I S T R A   Z D R O W I A1)z dnia 24 marca 2020 r.zmieniające rozporządzenie wsprawie ogłoszenia na obszarze Rzeczypospolitej Polskiej stanu epidemii	True	False	False	False	False	False	False	False	False
POL100012	„§3a.1. Wokresie od dnia 25marca 2020r. do dnia 11kwietnia 2020r. zakazuje się na obszarze Rzeczypospolitej Polskiej przemieszczania się osób przebywających na tym obszarze, zwyjątkiem przemieszczania się danej osoby wcelu	False	True	False	False	False	False	False	False	False
POL100013	2.Wprzypadku gdy przemieszczanie się następuje:1)pieszo –jednocześnie mogą się poruszać dwie osoby wodległości nie mniejszej niż 1,5m od siebie;	False	False	True	False	False	False	False	False	False
POL100014	2.Wprzypadku gdy przemieszczanie się następuje: 2)środkami publicznego transportu zbiorowego wrozumieniu art.1a ust.4pkt3a ustawy zdnia 20czerwca 1992r.ouprawnieniach  do  ulgowych  przejazdów  środkami  publicznego  transportu  zbiorowego  (Dz.U.  z2018r.poz.295) –środkiem tym można przewozić, wtym samym czasie, nie więcej osób,niż wynosi połowa miejscsiedzących	False	False	False	True	False	False	False	False	False
POL100015	pkt 4, polegają na obowiązku zapewnienia, aby wtrakcie sprawowania kultu religijnego, wtym czynności lub obrzędów religijnych, na danym terenie lub wdanym obiekcie znajdowało się łącznie, zarówno wewnątrz,jak ina zewnątrz pomieszczeń, nie więcej niż:a)50osób, wliczając wto uczestników iosoby sprawujące kult religijny lub osoby zatrudnioneprzez zakład pogrzebowy  wprzypadku  pogrzebu –wokresie  od  dnia  20marca  2020r.  do  dnia  24marca  2020r.  oraz wokresie od dnia 12kwietnia 2020r. do odwołania	False	True	False	True	False	False	False	False	False
POL100016	pkt 4, polegają na obowiązku zapewnienia, aby wtrakcie sprawowania kultu religijnego, wtym czynności lub obrzędów religijnych, na danym terenie lub wdanym obiekcie znajdowało się łącznie, zarówno wewnątrz,jak ina zewnątrz pomieszczeń, nie więcej niż 5 uczestników, oprócz osób sprawujących kult religijny lub osób zatrudnionych przez zakład pogrzebowy wprzypadku pogrzebu –wokresie od dnia 25marca 2020r. do dnia 11kwietnia 2020r.	False	True	True	False	False	False	False	False	False
POL100017	w rozdziale 5po §11dodaje się §11a wbrzmieniu:„§11a.1. Wokresie od dnia 25marca 2020r. do dnia 11kwietnia 2020r. zakazuje się:1)organizowania zgromadzeń wrozumieniu art.3 ustawy zdnia 24lipca 2015r. –Prawo ozgromadzeniach;	False	True	False	False	False	False	False	False	False
POL100018	6)wrozdziale 5po §11dodaje się §11a wbrzmieniu:„§11a.1. Wokresie od dnia 25marca 2020r. do dnia 11kwietnia 2020r. zakazuje się: innych niż określone wpkt1zgromadzeń organizowanych wramach działalności kościołów iinnych związków wyznaniowych oraz imprez, spotkań izebrań niezależnie od ich rodzaju, zwyłączeniem spotkań danej osoby zjej osobami najbliższymi  wrozumieniu  art.115§11  ustawy  zdnia  6c zerwca  1997r. –Kodeks  karny  lub zosobami najbliższymi osobie, zktórą pozostaje we wspólnym pożyciu.	False	True	False	False	False	False	False	False	False
POL100019	2.Od dnia 27marca 2020r. osoba przekraczająca granicę Rzeczypospolitej Polskiej wramach wykonywania czynności zawodowych  w Rzeczypospolitej  Polskiej  lub  wpaństwie sąsiadującym może otrzymać, na swój wniosek, od właściwego organu Państwowej Inspekcji Sanitarnej zaświadczenie oodbywaniu obowiązkowej kwarantanny określonej	False	False	True	False	False	False	False	False	False
POL100020	zmieniające rozporządzenie wsprawie czasowego ograniczenia funkcjonowania niektórych podmiotów systemu szkolnictwa wyższego inauki wzwiązku zzapobieganiem, przeciwdziałaniem izwalczaniem COVID-19	False	False	False	False	False	False	False	False	False
POL100021	w§1dodaje się ust.5 wbrzmieniu:„5.Wokresie,  októrym mowa wust.1, kolegia elektorów uczelni publicznych, komisje stypendialne, komisje izespoły powołane wpostępowaniach wsprawach  nadania  stopni  itytułu prowadzonych wuczelniach  oraz  komisje iinne gremia działające na podstawie statutów uczelni podejmują uchwały za pomocą środków komunikacji elektro-nicznej niezależnie od tego, czy taki tryb ich podejmowania został określony waktach wewnętrznych uczelni lub aktach regulujących działanie tych podmiotów.”.	False	False	False	True	False	False	False	False	False
POL100022	ROZPORZĄDZENIE MINISTRA ZDROWIA z dnia 31 marca 2020 r.zmieniające rozporządzenie wsprawie ogłoszenia na obszarze Rzeczypospolitej Polskiej stanu epidemii	True	False	False	False	False	False	False	False	False
POL100023	USTAWA z dnia 31 marca 2020 r.o zmianie niektórych ustaw w zakresie systemu ochrony zdrowia związanych z zapobieganiem, przeciwdziałaniem izwalczaniem COVID-19	False	False	False	False	False	False	False	False	False
POL100024	a) after section 5, section 5a shall be added with the following wording: “5a. In the case of announcing the state of epidemic threat or epidemic state, the minister competent for health may change the dates referred to in sections 2 and 5. In the event of persistent circumstances causing the change of dates, the minister responsible for health shall change these dates again, however, the total period of postponing a given date cannot be longer than 5 months. The information on the announcement of these terms is published by the minister competent for health on his website. 	True	False	False	False	False	False	False	False	False
POL100025	8a. Wprzypadku ogłoszenia stanu zagrożenia epidemicznego lub stanu epidemii lekarz stażysta może zostać skierowany przez:1)wojewodę do pracy przy zwalczaniu epidemii na podstawie art.47 ustawy zdnia  5grudnia 2008r. ozapobie-ganiu oraz zwalczaniu zakażeń ichorób zakaźnych uludzi  (Dz.U.  z2019r.  poz.1239  i1495  oraz  z2020r. poz.284, 322 i374) do podmiotu, wktórym odbywa staż albo do innego podmiotu, albo	True	False	False	False	False	False	False	False	False
POL100026	1c.Wprzypadku  ogłoszenia stanu zagrożenia epidemicznego lub stanu epidemii minister właściwy do spraw zdrowia może zmienić terminy, októrych mowa wust.1a	True	False	False	False	False	False	False	False	False
POL100027	Wprzypadku nieustania okoliczności będących przyczyną zmiany terminów minister właściwy do spraw zdrowia dokonujeponownej zmiany tych terminów, jednak łączny okres przesunięcia danego terminu nie może być dłuższy niż 5miesięcy.	True	False	False	False	False	False	False	False	False
POL100028	Informację ozmianie  tych terminów minister właściwy do spraw zdrowia ogłasza na swojej stronie internetowej.	False	False	False	False	False	False	False	True	False
POL100029	15.Wprzypadku ogłoszenia stanu zagrożenia epidemicznego lub stanu epidemii lekarz odbywający szkolenie specjalizacyjne może zostać skierowany przez:1)wojewodę do pracy przy zwalczaniu epidemii na podstawie art.47 ustawy zdnia  5grudnia 2008r. ozapobie-ganiu oraz zwalczaniu zakażeń ichorób zakaźnych uludzi  do podmiotu, wktórym odbywa szkolenie specjali-zacyjne albo do innego podmiotu	True	False	False	False	False	False	False	False	False
POL100030	Art.25b. Wprzypadku ogłoszenia stanu zagrożenia epidemicznego, stanu epidemii albo wrazie  niebezpie-czeństwa szerzenia się zakażenia lub choroby zakaźnej, które może stanowić zagrożenie  dla  zdrowia  publicznego, wszczególności  wystąpienia  choroby  szczególnie  niebezpiecznej  lub  wysoce  zakaźnej, dyrektor Instytutu może przesunąć termin kon-troli,  októrej mowa wart.25a  ust.1, jednorazowo, nie dłużej niż ookres 6miesięcy licząc od dnia upływu 2lat od dnia  ostatniej  kontroli.	False	False	False	False	False	False	False	True	True
POL100031	6a.Wprzypadku ogłoszenia stanu zagrożenia epidemicznego lub stanu epidemii minister właściwy do spraw zdrowia może zmienić terminy, októrych mowa wust.6.	True	False	False	False	False	False	False	False	False
POL100032	Wprzypadku ogłoszenia stanu zagrożenia epidemicznego lub stanu epidemii minister właściwy do spraw zdrowia może zmienić terminy, októrych mowa wust.2.	True	False	False	False	False	False	False	False	False
POL100033	Wprzypadku nieustania okoliczności będących przyczyną zmiany terminów minister właściwy do spraw zdrowia dokonuje ponownej zmiany tych terminów, jednak łączny okres przesunięcia danego terminu nie może być dłuższy niż 5miesięcy.	True	False	False	False	False	False	False	False	False
POL100034	Informację ozmianie tych terminów minister właściwy do spraw zdrowia ogłasza na swojej stronie internetowej.	False	False	False	False	False	False	False	True	False
POL100035	Wprzypadkach uzasadnionych nadzwyczajnymi okolicznościami, wszczególności zagrażającymi życiu lub zdrowiu osób zakwalifikowanych do rozpoczęcia szkolenia specjalizacyjnego, minister właściwy do spraw zdrowia może wydłużyć czas na rozpoczęcie szkolenia specjalizacyjnego ookres nie dłuższy niż 6miesięcy	True	False	False	True	False	False	False	True	False
POL100036	Wprzypadku ogłoszenia stanu zagrożenia epidemicznego lub stanu epidemii minister właściwy do spraw zdrowia może zmienić terminy, októrych mowa wust.4.	True	False	False	False	False	False	False	False	False
POL100037	Wprzypadkach uzasadnionych nadzwyczajnymi okolicznościami, wszczególności zagrażającymi życiu lub zdrowiu osób biorących udział wPESDL, minister właściwy do spraw zdrowia może odwołać wcałości lub wczęści PESDL wdanej dziedzinie.	True	False	False	False	False	False	False	False	False
POL100038	Odwołując PESDL, minister właściwy do spraw zdrowia wydłuża czas trwania sesji eg-zaminacyjnej,   wktórej  miał  się  odbyć  odwołany  egzamin,  jednorazowo  ookres  nie  dłuższy  niż  6 miesięcy.	True	False	False	False	False	False	False	True	False
POL100039	minister właściwy do spraw zdrowia może, wdrodze rozporządzenia, nałożyć na wytwórców, autoryzowanych przedstawicieli, dystrybutorów iimporte-rów wyrobów medycznych, producentów iimporterów środków spożywczych specjalnego przeznaczenia żywieniowego  lub  podmioty  odpowiedzialne  wodniesieniu do produktów biobójczych, posiadaczy pozwolenia albo zezwolenia na handel równoległy iwytwórców produktów biobójczych	True	False	False	False	False	False	False	False	True
POL100040	Art.48a.1. Kto w stanie zagrożenia epidemicznego lub stanu epidemii nie stosuje się do ustanowionych na podstawie art.46 lub art.46b nakazów, zakazów lub ograniczeń, októrych mowa w: art. 46ust.4pkt1 lub wart.46b pkt5 i9–12, podlega karze pieniężnej wwysokości od5000zł do 30000z	True	False	False	False	False	False	False	False	False
POL100041	Art.48a.1.  Kto  wstanie zagrożenia epidemicznego lub stanu epidemii nie stosuje się do ustanowionych na podstawie art.46 lub art.46b nakazów, zakazów lub ograniczeń, októrych mowa w: art. 46ust.4pkt2 lub wart.46b pkt3, podlega karze pieniężnej wwysokości od 10000zł do 30000zł	True	False	False	False	False	False	False	False	False
POL100042	Art.48a.1.  Kto w stanie zagrożenia epidemicznego lub stanu epidemii nie stosuje się do ustanowionych na podstawie art.46 lub art.46b nakazów, zakazów lub ograniczeń, októrych mowa w art. 46ust.4pkt3–5 lub wart.46b pkt2 i8, podlega karze pieniężnej wwysokości od 10000zł do 30000zł;	True	False	False	False	False	False	False	False	False
POL100043	Art.48a.1.  Kto  wstanie zagrożenia epidemicznego lub stanu epidemii nie stosuje się do ustanowionych na podstawie art.46 lub art.46b nakazów, zakazów lub ograniczeń, októrych mowa w: 4)art.46ust.4pkt6, podlega karze pieniężnej wwysokości od 5000zł do 10000zł;	True	False	False	False	False	False	False	False	False
POL100044	Art.48a.1.  Kto  w stanie zagrożenia epidemicznego lub stanu epidemii nie stosuje się do ustanowionych na podstawie art.46 lub art.46b nakazów, zakazów lub ograniczeń, októrych mowa w 5)art. 46ust.4pkt7 lub wart.46b pkt4, podlega karze pieniężnej wwysokościod 5000zł do 10000zł	True	False	False	False	False	False	False	False	False
POL100045	2.Kto w stanie zagrożenia epidemicznego lub stanu epidemii nie wykonuje decyzji,  októrych mowa wart.47ust.4, podlega karze pieniężnej wwysokości od 5000zł do 30000zł.	False	False	False	False	False	False	False	False	False
POL100046	3.Kary pieniężne, o których mowa w 1)ust. 1, wymierza, wdrodze decyzji administracyjnej, państwowy powiatowy inspektor sanitarny ipaństwowy graniczny inspektor sanitarny	False	False	False	False	False	False	False	False	True
POL100047	Kary pieniężne, októrych mowa w ust. 2, wymierza odpowiednio wojewoda albo minister właściwy do spraw zdrowia.	True	False	False	False	False	False	False	False	False
POL100048	5.Wprzypadku ponownego popełnienia takiego samego czynu, októrym mowa wust.1 lub 2, wysokość kary pieniężnej:1)jest nie niższa od wysokości kary pieniężnej wymierzonej poprzednio za takie naruszenie;	False	False	False	False	False	False	False	False	False
POL100049	idodaje się ust.2 wbrzmieniu: „2.Przepis  ust.1stosujesię odpowiednio do funkcjonariuszy służb wymienionych wprzepisach  ozaopatrze-niu  emerytalnym  funkcjonariuszy  Policji,  Agencji  Bezpieczeństwa  Wewnętrznego,  Agencji  Wywiadu,  Służby Kontrwywiadu Wojskowego, Służby Wywiadu Wojskowego, Centralnego Biura Antykorupcyjnego, Straży Gra-nicznej, Służby Ochrony Państwa, Państwowej Straży Pożarnej, Służby Celno-Skarbowej  i Służby Więziennej oraz ich rodzin.”	False	False	False	False	False	True	False	False	False
POL100050	ROZPORZĄDZENIE MINISTRA   ZDROWIA z dnia 6 kwietnia 2020r.w sprawie chorób zakaźnych powodujących powstanie obowiązku hospitalizacji, izolacji lub izolacji wwarunkach domowych oraz obowiązku kwarantanny lub nadzoru epidemiologicznego	False	False	True	False	False	False	False	False	False
POL100051	1.Rozporządzenie określa:1)choroby zakaźne powodujące powstanie obowiązku hospitalizacji	False	False	True	False	False	False	False	False	False
POL100052	1.Rozporządzenie określa:1)choroby zakaźne powodujące powstanie obowiązku izolacji lub izolacji wwarunkach domowych	False	False	True	False	False	False	False	False	False
POL100053	2)obowiązki lekarza lub felczera w przypadku podejrzenia lub rozpoznania zakażenia lub choroby zakaźnej powodują-cych powstanie obowiązku hospitalizacji	False	False	True	False	False	False	False	False	False
POL100054	2)obowiązki lekarza lub felczera w przypadku podejrzenia lub rozpoznania zakażenia lub choroby zakaźnej powodują-cych powstanie obowiązku	False	False	True	False	False	False	False	False	False
POL100055	§2.1. Obowiązkowej hospitalizacji podlegają:1)osoby chore na gruźlicę wokresie prątkowania oraz osoby zuzasadnionym podejrzeniem oprątkowanie;	False	False	True	False	False	False	False	False	False
POL100056	§2.1. Obowiązkowej hospitalizacji podlegają: osoby zakażone lub chore oraz podejrzane ozakażenie lub zachorowanie na	False	False	True	False	False	False	False	False	False
POL100057	§2.1. Compulsory hospitalization applies to: 3) people who have been diagnosed with SARS-CoV-2 virus infection or disease caused by SARS-CoV-2 (COVID-19) virus or suspected infection or disease	False	False	True	False	False	False	False	False	False
POL100058	2.Obowiązkowej izolacji  lub  izolacji  wwarunkach domowych podlegają osoby, uktórych stwierdzono zakażenie wywołane wirusem SARS-CoV-2 lub zachorowanie na chorobę wywołaną wirusem SARS-CoV-2(COVID-19) lub podejrzenie zakażenia lub zachorowania	False	False	True	False	False	False	False	False	False
POL100059	ROZPORZĄDZENIE MINISTRA   EDUKACJI   NARODOWE J z dnia 9 kwietnia 2020r.zmieniające rozporządzenie wsprawie czasowego ograniczenia funkcjonowania jednostek systemu oświaty wzwiązku z zapobieganiem, przeciwdziałaniem izwalczaniem COVID-19	False	False	False	False	False	False	False	False	False
POL100060	w §3pkt 2otrzymuje brzmienie:„2)wprzypadku szkół prowadzących kształcenie zawodowe –zawieszenie dotyczy również zajęć realizowanych wramach praktycznej nauki zawodu organizowanej przez szkołę oraz stażu uczniowskiego, októrym mowa wart. 121a ustawy zdnia 14grudnia 2016r. –Prawo oświatowe;”;	False	False	False	True	False	False	False	False	False
POL100061	3)po §4b dodaje się §4c wbrzmieniu:„§4c.Przepis §3a stosuje się również do wychowanków młodzieżowego ośrodka wychowawczego, którzy uzyskali zgodę na urlopowanie zgodnie zprzepisami  wydanymi  na  podstawie  art.  81  ustawy  zdnia  26października 1982r. opostępowaniu wsprawach nieletnich (Dz.U. z2018r. poz.969) inie przebywają wmłodzieżowym ośrodku wychowawczym.”	False	False	False	True	False	False	False	False	False
POL100062	ROZPORZĄDZENIE RADY MINISTRÓW z dnia 9 kwietnia 2020 r.w sprawie zakazów w ruchu lotniczym	False	False	False	True	False	False	False	False	False
POL100063	§1 It is prohibited to perform, at airports entered in the register of civil airports and landing sites entered in the register of landing areas, landing of civil aircraft carrying passengers on international flights	False	False	False	True	False	False	False	False	False
POL100064	§2 There is a ban on commercial landing at airports entered in the register of civil airports and landing sites entered in the register of landing sites by aircrafts performing domestic flights	False	False	False	True	False	False	False	False	False
POL100065	ROZPORZĄDZENIE MINISTRA SPRAW WEWNĘTRZNYCH   I   ADMINISTRACJI z dnia 9 kwietnia 2020r. zmieniające rozporządzenie wsprawie przywrócenia tymczasowo kontroli granicznej osób przekraczających granicę państwową stanowiącą granicę wewnętrzną	False	False	False	False	False	False	False	False	False
POL100066	1)po ust.1a dodaje się ust.1b wbrzmieniu:„1b.Kontrolę graniczną osób, przywróconą tymczasowo na okres, októrym mowa wust.1  i1a, przedłuża się na okres od dnia 14kwietnia 2020r. do dnia 3maja 2020r.”;	False	False	False	True	False	False	False	False	False
POL100067	2)ust. 2otrzymuje brzmienie:„2.Zakres  kontroli,  októrej mowa wust.1–1b, wtym możliwość jej ograniczenia na zasadach określonych wkodeksie  granicznymSchengen, będzie dostosowany odpowiednio do stopnia zagrożenia porządku publicznego lub bezpieczeństwa państwa	False	False	False	True	False	False	False	False	False
POL100068	ROZPORZĄDZENIE MINISTRA SPRAW WEWNĘTRZNYCH I ADMINISTRACJI z dnia 10 kwietnia 2020r.w sprawie czasowego ograniczenia funkcjonowania uczelni służb państwowych	False	False	False	True	False	False	False	False	False
POL100069	§1.1.W okresie od dnia 11kwietnia 2020r. do dnia 26kwietnia 2020r. ogranicza się funkcjonowanie uczelni służb państwowych nadzorowanych przez ministra właściwego do spraw wewnętrznych przez zawieszenie kształcenia:1)na studiach; 2)na studiach podyplomowych; 3)w innych formach.	False	False	False	True	False	False	False	False	False
POL100070	2. W okresie zawieszenia kształcenia zajęcia mogą być realizowane zwykorzystaniem metod itechnik kształcenia na odległość, niezależnie od tego, czy zostało to przewidziane wprogramie tego kształcenia.	False	False	False	True	False	False	False	False	False
POL100071	3. W przypadku prowadzenia zajęć wsposób określony w ust.2 weryfikacja osiągniętych efektów uczenia się okreś-lonych  wprogramie danego kształcenia może odbywać się poza siedzibą uczelni, zwykorzystaniem technologii informatycznych zapewniających kontrolę przebiegu weryfikacji osiągniętych efektów uczenia się oraz jego rejestrację.	False	False	False	True	False	False	False	False	False
POL100072	2.W okresie  zawieszenia  kształcenia  można  zawiesić  czynności  wpostępowaniach  wsprawie   nadania   stopni itytułów naukowych, wprzypadku braku możliwości podejmowania uchwał wgłosowaniu tajnym.	False	False	False	True	False	False	False	False	False
POL100073	ROZPORZĄDZENIE MINISTRA EDUKACJI NARODOWEJ z dnia 10 kwietnia 2020r. zmieniające rozporządzenie wsprawie szczególnych rozwiązań wokresie czasowego ograniczenia funkcjonowania jednostek systemu oświaty wzwiązku z zapobieganiem, przeciwdziałaniem izwalczaniem COVID-19	False	False	False	False	False	False	False	False	False
POL100074	a)w ust. 1 zdanie pierwsze otrzymuje brzmienie:„W przypadku praktyk zawodowych uczniów technikum iszkoły policealnej, zaplanowanych do zrealizowania wokresie, wktórym wprowadzono czasowe ograniczenie funkcjonowania jednostek systemu oświaty, praktyki te realizuje się do końca roku szkolnego 2019/2020 lub wklasach (semestrach) programowo wyższych.”	False	False	False	True	False	False	False	False	False
POL100075	2)w §11b dotychczasową treść oznaczasię jako ust. 1 idodaje się ust. 2–9 wbrzmieniu:„2.Postępowanie  rekrutacyjne  na  rok  szkolny  2020/2021do  klas  Ipublicznych  szkół  ponadpodstawowych iklas wstępnych, októrych mowa wart. 25ust. 3 ustawy zdnia 14grudnia 2016r. –Prawo oświatowe, zwyjątkiem publicznych szkół policealnych, publicznych branżowych szkół II stopnia oraz publicznych szkół dla dorosłych, jest przeprowadzane wnowych terminach określonych przez ministra właściwego do spraw oświaty iwychowania. Nowe terminy postępowania rekrutacyjnego, atakże terminy składania dokumentów są podawane do publicznej wiadomości na stronie internetowej urzędu obsługującego ministra właściwego do spraw oświaty iwychowania.	True	False	False	True	False	False	False	False	False
POL100076	ROZPORZĄDZENIE RADY MINISTRÓW z dnia 15 kwietnia 2020 r.zmieniające rozporządzenie w sprawie ustanowienia określonych ograniczeń, nakazów i zakazów wzwiązku zwystąpieniem stanu epidemii	False	False	False	False	False	False	False	False	False
POL100077	„§18.1. Od dnia 16 kwietnia 2020 r. do odwołania nakłada się obowiązek zakrywania, przy pomocy odzieży lub jej części, maski albo maseczki, ust i nosa:	False	False	True	False	False	False	False	False	False
POL100078	3.Osoba  wykonująca  czynności  zawodowe  wobiektach handlowych  lub  usługowych  lub  wplacówkach handlowych  lub  usługowych  może  wczasie  wykonywania  tych  czynności  zawodowych  realizować  obowiązek, októrym mowa wust.1,  przez  zakrywanie  ust  i nosa przy pomocy przyłbicy, jeżeli wszystkie stanowiska kasowe lubmiejsca  prowadzenia  sprzedaży  lub  świadczenia  usług  wdanym  obiekcie  lub  placówce  są  oddzielone  od klientów dodatkową przesłoną ochronną.	False	False	True	False	False	False	False	False	False
POL100079	4.Osoba ma obowiązek odkrycia ust i nosa na żądanie:1)organów uprawnionych wprzypadku legitymowania tej osoby wcelu ustalenia jej tożsamości;2)innej osoby wzwiązku ze świadczeniem przez nią usług lub wykonywaniem czynności zawodowychlub służ-bowych, wtym wprzypadku konieczności identyfikacji lub weryfikacji tożsamości danej osoby.”.	False	False	True	False	False	False	False	False	False
POL100080	ROZPORZĄDZENIE MINISTRA SPRAW WEWNĘTRZNYCH I ADMINISTRACJI z dnia 24 kwietnia 2020 r.zmieniające rozporządzenie wsprawie czasowego ograniczenia funkcjonowania uczelni służb państwowych	False	False	False	False	False	False	False	False	False
POL100081	§1.W rozporządzeniu Ministra Spraw Wewnętrznych i Administracji  z dnia  10 kwietnia 2020r.  w sprawie  czasowegoograniczenia funkcjonowania uczelni służb państwowych (Dz.U. poz.654) w§1:1)w ust.1we wprowadzeniu do wyliczenia wyrazy „26kwietnia 2020r.” zastępuje się wyrazami „24maja 2020r.”;	False	False	False	True	False	False	False	False	False
POL100082	2)ust. 3 otrzymuje brzmienie: „3.Wprzypadku prowadzenia zajęć wsposób określony wust.2weryfikacja osiągniętych efektów uczenia się określonych wprogramie danego kształcenia, wszczególności przeprowadzenie zaliczeń iegzaminów kończących określone zajęcia oraz egzaminów dyplomowych, może odbywać się poza siedzibą uczelni, zwykorzystaniem technologii informatycznych zapewniających kontrolę przebiegu weryfikacji osiągniętych efektów uczenia się oraz jego rejestrację.”.	False	False	False	True	False	False	False	False	False
POL100083	ROZPORZĄDZENIE MINISTRA EDUKACJI NARODOWEJ z dnia 24 kwietnia 2020r. zmieniające rozporządzenie wsprawie czasowego ograniczenia funkcjonowania jednostek systemu oświaty wzwiązku z zapobieganiem, przeciwdziałaniem izwalczaniem COVID-19	False	False	False	False	False	False	False	False	False
POL100084	§1.W rozporządzeniu Ministra Edukacji Narodowejzdnia 11 marca 2020r. w sprawie czasowego ograniczenia funkcjonowania jednostek systemu oświaty w związku z zapobieganiem, przeciwdziałaniem i zwalczaniem COVID-19 (Dz.U.poz.410,492,595i642) użyte w§2wust.1i1a,w§3w pkt3,w §3a w ust.1i3orazw§4a wyrazy „26kwietnia 2020r.” zastępuje się wyrazami „24maja 2020r.”	False	False	False	True	False	False	False	False	False
POL100085	ROZPORZĄDZENIE MINISTRA   KULTURY   I   DZIEDZICTWA   NARODOWEGO z dnia 24 kwietnia 2020r. zmieniające rozporządzenie wsprawie czasowego ograniczenia funkcjonowania uczelni artystycznych w związku z zapobieganiem, przeciwdziałaniem i zwalczaniem COVID-19	False	False	False	False	False	False	False	False	False
POL100086	§ 1. W rozporządzeniu Ministra Kultury i Dziedzictwa Narodowego z dnia 9 kwietnia 2020 r. w sprawie czasowegoograniczenia funkcjonowania uczelni artystycznych w związku z zapobieganiem, przeciwdziałaniem i zwalczaniem COVID-19(Dz. U. poz. 641) w § 1:1) w ust. 1 we wprowadzeniu do wyliczenia wyrazy „26 kwietnia 2020 r.” zastępuje się wyrazami „24 maja 2020 r.”;	False	False	False	True	False	False	False	False	False
POL100087	2) ust. 3 otrzymuje brzmienie:„3. W przypadku prowadzenia zajęć w sposób określony w ust. 2 weryfikacja osiągniętych efektów uczenia się określonych w programie danego kształcenia, w szczególności przeprowadzenie zaliczeń i egzaminów kończących określone zajęcia oraz egzaminów dyplomowych, może odbywać się poza siedzibą uczelni artystycznej lub poza jej filią, z wykorzystaniem technologii informatycznych zapewniających kontrolę przebiegu weryfikacji osiągniętych efektów uczenia się oraz jego rejestrację.”.	False	False	False	True	False	False	False	False	False
POL100088	ROZPORZĄDZENIE MINISTRA NAUKI I SZKOLNICTWA WYŻSZEGO z dnia 27 kwietnia 2020 r. w sprawie czasowego ograniczenia funkcjonowania korporacji uczonych i jednostek naukowych Polskiej Akademii Nauk w związku z zapobieganiem, przeciwdziałaniem i zwalczaniem COVID-19	False	False	False	True	False	False	False	False	False
POL100089	2) instytutów naukowych Akademii przez:a) ograniczenie obowiązku świadczenia pracy przez pracowników tych instytutów na ich terenie, z wyłączeniem przypadków, gdy jest to niezbędne dla zapewnienia ciągłości funkcjonowania tych instytutów lub gdy instytuty te biorą udział w zapobieganiu, przeciwdziałaniu i zwalczaniu COVID-19,b) zawieszenie kształcenia:	False	False	False	True	False	False	False	False	False
POL100090	2) instytutów naukowych Akademii przez: b) zawieszenie kształcenia:– na studiach podyplomowych,– w innych formach– realizowanego w ramach zajęć;	False	False	False	True	False	False	False	False	False
POL100091	3) pomocniczych jednostek naukowych Akademii przez ograniczenie obowiązku świadczenia pracy przez pracownikówtych jednostek na ich terenie	False	False	False	True	False	False	False	False	False
POL100092	2. W okresie, o którym mowa w ust. 1, instytuty naukowe Akademii, które dysponują infrastrukturą i oprogramowaniem umożliwiającymi prowadzenie zajęć z wykorzystaniem metod i technik kształcenia na odległość, prowadzą zajęciaz wykorzystaniem tych metod i technik, niezależnie od tego, czy zostało to przewidziane w programie danego kształcenia.	False	False	False	True	False	False	False	False	False
POL100093	ROZPORZĄDZENIE MINISTRA SPRAW WEWNĘTRZNYCH I ADMINISTRACJI z dnia 28 kwietnia 2020 r. zmieniające rozporządzenie w sprawie przywrócenia tymczasowo kontroli granicznej osób przekraczających granicę państwową stanowiącą granicę wewnętrzną	False	False	False	False	False	False	False	False	False
POL100094	1) po ust. 1b dodaje się ust. 1c w brzmieniu:„1c. Kontrolę graniczną osób, przywróconą tymczasowo na okres, o którym mowa w ust. 1–1b, przedłuża się naokres od dnia 4 maja 2020 r. do dnia 13 maja 2020 r.”;	False	False	False	True	False	False	True	False	False
POL100095	2) ust. 2 otrzymuje brzmienie:„2. Zakres kontroli, o której mowa w ust. 1–1c, w tym możliwość jej ograniczenia na zasadach określonych w kodeksie granicznym Schengen, będzie dostosowany odpowiednio do stopnia zagrożenia porządku publicznego lub bezpieczeństwa państwa	False	False	False	True	False	False	True	False	False